-- phpMyAdmin SQL Dump
-- version 4.8.1
-- https://www.phpmyadmin.net/
--
-- Servidor: 127.0.0.1
-- Tiempo de generación: 07-08-2019 a las 21:15:03
-- Versión del servidor: 8.0.11
-- Versión de PHP: 7.2.6

SET SQL_MODE = "NO_AUTO_VALUE_ON_ZERO";
SET AUTOCOMMIT = 0;
START TRANSACTION;
SET time_zone = "+00:00";


/*!40101 SET @OLD_CHARACTER_SET_CLIENT=@@CHARACTER_SET_CLIENT */;
/*!40101 SET @OLD_CHARACTER_SET_RESULTS=@@CHARACTER_SET_RESULTS */;
/*!40101 SET @OLD_COLLATION_CONNECTION=@@COLLATION_CONNECTION */;
/*!40101 SET NAMES utf8mb4 */;

--
-- Base de datos: `blog`
--

-- --------------------------------------------------------

--
-- Estructura de tabla para la tabla `categories`
--

CREATE TABLE `categories` (
  `id` int(10) UNSIGNED NOT NULL,
  `name` varchar(128) COLLATE utf8mb4_unicode_ci NOT NULL,
  `slug` varchar(128) COLLATE utf8mb4_unicode_ci NOT NULL,
  `body` mediumtext COLLATE utf8mb4_unicode_ci,
  `created_at` timestamp NULL DEFAULT NULL,
  `updated_at` timestamp NULL DEFAULT NULL
) ENGINE=InnoDB DEFAULT CHARSET=utf8mb4 COLLATE=utf8mb4_unicode_ci;

--
-- Volcado de datos para la tabla `categories`
--

INSERT INTO `categories` (`id`, `name`, `slug`, `body`, `created_at`, `updated_at`) VALUES
(1, 'Consequatur pariatur qui.', 'consequatur-pariatur-qui', 'Aut qui aut porro deserunt molestias cupiditate. Velit nostrum laudantium officiis est quia rerum provident eum. Eligendi id et corrupti quos debitis. Quaerat quisquam laudantium soluta voluptatibus expedita. Similique nisi veniam et hic amet et labore. Temporibus aliquam quasi quia perferendis. Dolores assumenda velit ullam autem. Ducimus rem debitis tempora optio neque quae omnis. Doloribus neque ut officia possimus numquam eum. Expedita alias quae qui odio.', '2019-08-07 21:52:11', '2019-08-07 21:52:11'),
(2, 'Occaecati dolores dolorem.', 'occaecati-dolores-dolorem', 'Porro eveniet in itaque consequatur ab. Aut fugiat repudiandae unde. Omnis modi modi aspernatur quis numquam. Ad perspiciatis placeat voluptates amet incidunt dolor quibusdam. Optio eligendi quis autem error. Qui quia id accusamus voluptate. Quaerat commodi et soluta eligendi. Ut aliquid dolores quisquam. Eum quam molestiae iure praesentium in qui. Quia pariatur et ea quod consequuntur.', '2019-08-07 21:52:11', '2019-08-07 21:52:11'),
(3, 'Alias fugiat impedit.', 'alias-fugiat-impedit', 'Enim doloremque voluptatem ut autem enim vitae id ut. Enim ab necessitatibus veritatis sunt aut ut eveniet vitae. Sed quo asperiores sit harum voluptatem. Vel eveniet sequi voluptas ratione. Delectus quis dignissimos velit fugit quidem autem quae. Deserunt officiis placeat sit atque consectetur ad. Doloremque sed sint ratione recusandae harum omnis ab.', '2019-08-07 21:52:11', '2019-08-07 21:52:11'),
(4, 'Molestias rerum aliquam eaque.', 'molestias-rerum-aliquam-eaque', 'Vel provident eius aut et aut quia. Maiores velit placeat laborum corporis dolor fuga qui corrupti. Ad iusto praesentium repudiandae eligendi fugit ex aut. Laborum possimus laboriosam corporis ad. Quod est sequi et. Repellat aliquid quia natus eos assumenda. Totam natus autem soluta magnam et voluptatem quasi. Reprehenderit quia nostrum eum odio id a quia. Voluptatum adipisci at dolor at provident similique voluptas consequatur.', '2019-08-07 21:52:11', '2019-08-07 21:52:11'),
(5, 'Quia doloremque saepe autem occaecati alias.', 'quia-doloremque-saepe-autem-occaecati-alias', 'Quia cupiditate ea non. Alias qui itaque aliquam ut iure aut magni. Omnis atque sit enim iusto iusto ducimus. Fuga autem voluptatem velit. Velit nobis repellendus culpa doloribus. Nulla provident aut totam ut. Facilis consequatur inventore recusandae dicta et cumque rem. Optio ut et veritatis autem culpa veniam occaecati. Sunt nisi et error sed quo enim blanditiis.', '2019-08-07 21:52:11', '2019-08-07 21:52:11'),
(6, 'Atque et fugit iure.', 'atque-et-fugit-iure', 'Ipsum nesciunt eaque corrupti adipisci nemo consequuntur. Minus voluptatem earum temporibus eos. Et deserunt tempore rerum et veniam explicabo. Fuga quia et ut occaecati sit ad. Odio aut ut velit. Autem voluptatem cupiditate nihil ipsa nostrum harum beatae. Impedit natus porro vel. Repellendus et alias voluptates veritatis sit nemo aliquam explicabo. Omnis inventore occaecati est ut aut amet sapiente cum. Quisquam sunt quaerat quisquam totam voluptatem sint laudantium.', '2019-08-07 21:52:11', '2019-08-07 21:52:11'),
(7, 'Rerum ex est et.', 'rerum-ex-est-et', 'Aut doloribus a ipsa. Rerum eum delectus maiores eveniet earum sapiente. Culpa quis natus qui unde voluptatem vero. Impedit placeat dolorem autem fugit vel harum autem. Earum esse eos necessitatibus provident distinctio ratione. Sint quia repellendus doloremque sed fugit possimus similique unde. Libero ut dolorum ad nulla. Dignissimos sunt voluptas est tenetur dolorem autem in eveniet. Id rem vero aut. Pariatur dolor et reprehenderit sed debitis.', '2019-08-07 21:52:11', '2019-08-07 21:52:11'),
(8, 'Quia ratione assumenda eos.', 'quia-ratione-assumenda-eos', 'Nam ut eaque et commodi. Dolores molestiae quia consequatur at. Cumque voluptas sequi quos voluptatibus perspiciatis. Voluptatem quaerat qui dolorem laboriosam eum enim quia. Quia minima id dolorum in nesciunt sint odit. Itaque quia maiores neque id eos eligendi tempora. Officia ipsam debitis eum autem sint odio doloremque nihil. Harum voluptates laborum occaecati at dolor quasi et.', '2019-08-07 21:52:11', '2019-08-07 21:52:11'),
(9, 'Delectus consequatur ex eveniet.', 'delectus-consequatur-ex-eveniet', 'Est rerum explicabo saepe vel. Possimus numquam laudantium cumque voluptatem enim. Eaque voluptatibus doloremque sapiente ipsam id facere recusandae. Et veniam aut vel veritatis eos ipsam omnis error. Sed dignissimos qui aut qui eum. Perspiciatis perferendis eos rem itaque perspiciatis accusantium. Omnis possimus libero quaerat modi excepturi culpa. Temporibus quidem est nobis beatae ipsum.', '2019-08-07 21:52:11', '2019-08-07 21:52:11'),
(10, 'Incidunt quis minus.', 'incidunt-quis-minus', 'Ex reiciendis sed quasi excepturi non. Quo quasi neque doloremque. Voluptates maiores aperiam qui necessitatibus sequi doloremque vel harum. Eveniet id quia tenetur exercitationem qui. Qui praesentium molestiae est est corrupti laborum laborum. Odit aut voluptates eum minus quo dicta error harum. Cum aut fugit expedita sint. Et quas nobis nemo consequatur.', '2019-08-07 21:52:12', '2019-08-07 21:52:12'),
(11, 'Molestiae optio omnis voluptatem.', 'molestiae-optio-omnis-voluptatem', 'Cumque non aspernatur aut molestias. Ut voluptas rerum fuga aut. Doloremque voluptates earum nulla odio ea. Earum nisi autem rerum nostrum et voluptas debitis esse. Veritatis esse aut cupiditate sed id. Quia culpa ut laborum accusantium voluptas repellat. Illo laudantium labore at quam aut. Illo repellat sed exercitationem nihil. Veritatis itaque omnis ipsa dolores ut. Corporis amet qui sed rerum laudantium. Eius molestiae iusto velit tempora sunt. Nihil quo quo quo inventore et culpa.', '2019-08-07 21:52:12', '2019-08-07 21:52:12'),
(12, 'Qui optio sint ducimus quisquam.', 'qui-optio-sint-ducimus-quisquam', 'Asperiores alias earum veritatis unde deleniti ut dolores. Ea in et facere quam officiis et et. Ducimus et doloremque esse fugit quaerat voluptas repellat. Et cumque fugit molestiae eaque possimus sint. Laboriosam quo laudantium quia explicabo amet sunt. Ut doloribus in culpa quia rem. Qui voluptas eius ullam eveniet soluta fugit. Commodi ad dignissimos nisi reprehenderit consequatur sit sed. Molestias nisi sint vero quae deserunt.', '2019-08-07 21:52:12', '2019-08-07 21:52:12'),
(13, 'Natus quas quas molestiae voluptas temporibus.', 'natus-quas-quas-molestiae-voluptas-temporibus', 'Architecto dolore illum reprehenderit soluta necessitatibus mollitia. Nemo quaerat ipsum exercitationem autem. Et voluptatem ut dolorem quo et. Rerum ut ut aut illo. Inventore dolor aperiam non ad molestias tempora assumenda. Temporibus laboriosam voluptate expedita enim aut consequatur. Et velit quae a. Culpa odit quaerat consequatur ut doloribus.', '2019-08-07 21:52:12', '2019-08-07 21:52:12'),
(14, 'In temporibus aspernatur.', 'in-temporibus-aspernatur', 'Et omnis dolores quos tempora culpa placeat. Sed quis a ea quia omnis. Accusamus in dolor repellat non explicabo error ad. Voluptatem aut quia et adipisci. Quos inventore sint laboriosam aut blanditiis et. Veniam ut harum est vel. Dolorum consectetur est dicta voluptatem nesciunt numquam incidunt. Sint velit ipsum neque et consectetur nihil quas. Aut ex autem natus maxime rerum ipsum commodi doloribus. Qui qui velit impedit. Totam aut et omnis. Id fugiat non expedita consequuntur iusto nam.', '2019-08-07 21:52:12', '2019-08-07 21:52:12'),
(15, 'Omnis non recusandae.', 'omnis-non-recusandae', 'Officia consequatur voluptas quasi sit aut. Quae provident in debitis exercitationem et maiores sunt. Voluptas culpa sint cum dolor sed tempora est numquam. Corporis quo ut possimus ex necessitatibus ipsum et. Nihil sunt et velit quidem et aspernatur velit. Reprehenderit suscipit consectetur minus ipsa saepe. Similique quam nihil nam ad. Exercitationem aut non repellendus illo sint minus.', '2019-08-07 21:52:12', '2019-08-07 21:52:12'),
(16, 'Eius mollitia odit dolor eaque earum.', 'eius-mollitia-odit-dolor-eaque-earum', 'Nesciunt harum earum expedita nisi atque qui eveniet. Quis sint natus aut ducimus repudiandae eum. Consequatur et nemo corrupti sint autem et quos nobis. Perferendis eaque dolorum repudiandae placeat. Non necessitatibus necessitatibus mollitia alias nihil provident officiis. Alias ut placeat ad. Nam corrupti tempora nostrum. Qui amet ullam et iste voluptatem. Quia quia in praesentium sed voluptatem delectus commodi.', '2019-08-07 21:52:12', '2019-08-07 21:52:12'),
(17, 'Doloribus a aut et.', 'doloribus-a-aut-et', 'Et sed error et necessitatibus. Ullam laboriosam nihil aut modi recusandae. Iure facilis laudantium perspiciatis rem explicabo. Velit animi ea sequi libero autem ut. Distinctio repellendus quia earum iure. Veritatis iusto earum enim iste voluptate et. Sequi ipsum nobis fuga reprehenderit. Cum unde ullam occaecati nihil eos. Est voluptatem voluptate ea ut hic sapiente molestias. Eveniet alias doloribus nulla aut.', '2019-08-07 21:52:12', '2019-08-07 21:52:12'),
(18, 'Totam sint accusantium fugiat.', 'totam-sint-accusantium-fugiat', 'Ullam fugit ducimus quae eos sed. Voluptate unde sunt beatae molestiae sunt dolorem. Et ad error libero quis natus. Illo quia ipsa porro aut vel ratione dolorem. Maiores tempore est placeat perferendis aut. Aut distinctio nihil quia et quidem id quia autem. Qui dolorem libero rerum occaecati aut ratione ducimus. Eligendi deleniti esse voluptate tempore qui eaque. Voluptas aut dicta quidem exercitationem.', '2019-08-07 21:52:12', '2019-08-07 21:52:12');

-- --------------------------------------------------------

--
-- Estructura de tabla para la tabla `migrations`
--

CREATE TABLE `migrations` (
  `id` int(10) UNSIGNED NOT NULL,
  `migration` varchar(255) COLLATE utf8mb4_unicode_ci NOT NULL,
  `batch` int(11) NOT NULL
) ENGINE=InnoDB DEFAULT CHARSET=utf8mb4 COLLATE=utf8mb4_unicode_ci;

--
-- Volcado de datos para la tabla `migrations`
--

INSERT INTO `migrations` (`id`, `migration`, `batch`) VALUES
(13, '2014_10_12_000000_create_users_table', 1),
(14, '2014_10_12_100000_create_password_resets_table', 1),
(15, '2019_07_25_033857_create_categories_table', 1),
(16, '2019_07_25_033909_create_posts_table', 1),
(17, '2019_07_25_033918_create_tags_table', 1),
(18, '2019_07_25_034102_create_post_tag_table', 1);

-- --------------------------------------------------------

--
-- Estructura de tabla para la tabla `password_resets`
--

CREATE TABLE `password_resets` (
  `email` varchar(128) COLLATE utf8mb4_unicode_ci NOT NULL,
  `token` varchar(255) COLLATE utf8mb4_unicode_ci NOT NULL,
  `created_at` timestamp NULL DEFAULT NULL
) ENGINE=InnoDB DEFAULT CHARSET=utf8mb4 COLLATE=utf8mb4_unicode_ci;

-- --------------------------------------------------------

--
-- Estructura de tabla para la tabla `posts`
--

CREATE TABLE `posts` (
  `id` int(10) UNSIGNED NOT NULL,
  `user_id` int(10) UNSIGNED NOT NULL,
  `category_id` int(10) UNSIGNED NOT NULL,
  `name` varchar(128) COLLATE utf8mb4_unicode_ci NOT NULL,
  `slug` varchar(128) COLLATE utf8mb4_unicode_ci NOT NULL,
  `excerpt` mediumtext COLLATE utf8mb4_unicode_ci,
  `body` text COLLATE utf8mb4_unicode_ci NOT NULL,
  `status` enum('PUBLISHED','DRAFT') COLLATE utf8mb4_unicode_ci NOT NULL DEFAULT 'DRAFT',
  `file` varchar(128) COLLATE utf8mb4_unicode_ci DEFAULT NULL,
  `created_at` timestamp NULL DEFAULT NULL,
  `updated_at` timestamp NULL DEFAULT NULL
) ENGINE=InnoDB DEFAULT CHARSET=utf8mb4 COLLATE=utf8mb4_unicode_ci;

--
-- Volcado de datos para la tabla `posts`
--

INSERT INTO `posts` (`id`, `user_id`, `category_id`, `name`, `slug`, `excerpt`, `body`, `status`, `file`, `created_at`, `updated_at`) VALUES
(2, 2, 2, 'Ab officiis est id minima expedita.', 'ab-officiis-est-id-minima-expedita', 'Soluta enim possimus quia sed excepturi ratione. Est consequuntur temporibus expedita temporibus praesentium et voluptatem.', 'Non mollitia aut recusandae vitae architecto. Et qui sit dolorem tempore quod. Ratione beatae est est molestiae. Voluptas ex laborum inventore rerum. Totam hic odio beatae quia. Laboriosam iste quisquam reprehenderit voluptatem sequi distinctio repellat. Ad facere ducimus quod enim et. Est dignissimos molestiae eveniet in recusandae sunt veritatis. Quia et fuga ad a minima ea.', 'DRAFT', 'https://lorempixel.com/1200/400/?21893', '2019-08-07 21:52:14', '2019-08-07 21:52:14'),
(3, 28, 3, 'Omnis quaerat odit velit.', 'omnis-quaerat-odit-velit', 'Iusto libero dolor nihil eveniet aperiam. Aut illo quia cumque reiciendis. Sit ducimus nobis fugiat tempore ut et. Commodi voluptatem voluptates officia est eius accusamus nulla et.', 'Dolor iusto ex quis qui veritatis. Totam et non non architecto repellendus. Qui reiciendis ut inventore et hic autem. Eos ipsum sed aliquam sed fuga est impedit quo. Ea vero reiciendis quo sapiente consequuntur consequuntur ipsa beatae. Doloribus libero fuga amet saepe ipsam nostrum. Quod eum consequatur quisquam vel. Doloribus sit rem a qui. Aut et fugit quas optio. Molestiae magni et ullam commodi repellat reiciendis. Aut quasi aperiam culpa commodi nihil. Recusandae corrupti sit sit aut.', 'DRAFT', 'https://lorempixel.com/1200/400/?67698', '2019-08-07 21:52:14', '2019-08-07 21:52:14'),
(4, 9, 2, 'Facilis est nesciunt.', 'facilis-est-nesciunt', 'Quod ratione consequatur doloremque blanditiis eos eos. Blanditiis est eius quisquam architecto voluptas. Nulla minima fugit quo est id dolor.', 'Quo accusantium fugiat accusamus est. Quas eius perspiciatis ab neque voluptas tempora culpa qui. Consequatur maxime reiciendis maxime possimus nihil. Atque nihil et porro rerum sit aperiam voluptates. Laboriosam sequi eum aspernatur vero. Quis vel deleniti autem. Voluptatem voluptate a deleniti cum. Porro incidunt quos delectus iure. Occaecati qui quod ducimus id voluptatibus.', 'PUBLISHED', 'https://lorempixel.com/1200/400/?35939', '2019-08-07 21:52:14', '2019-08-07 21:52:14'),
(5, 7, 12, 'Non qui quibusdam error et.', 'non-qui-quibusdam-error-et', 'Iste est et id molestias soluta atque consequatur. Optio sed sunt ducimus ipsa. Quisquam ex molestiae laboriosam eos. Voluptas minus est dignissimos beatae ut aliquam.', 'Tempora illum cupiditate atque et delectus. Tenetur soluta aperiam veniam et illo. Est ad quia nobis deleniti eum esse dolores. Omnis omnis corrupti enim sed. Velit eveniet ut voluptas necessitatibus beatae aut explicabo asperiores. Assumenda amet et eaque similique consequatur ab enim. Facilis labore qui soluta et amet voluptas.', 'DRAFT', 'https://lorempixel.com/1200/400/?50619', '2019-08-07 21:52:14', '2019-08-07 21:52:14'),
(6, 28, 12, 'Vel qui ipsa aut non vel.', 'vel-qui-ipsa-aut-non-vel', 'Fugit aut optio aut sit. Pariatur nobis veritatis praesentium. Veritatis ut voluptatem eaque id voluptatum.', 'Fugit in voluptatibus culpa et. Quam sequi quo exercitationem cum eos voluptates delectus. Qui qui impedit aspernatur incidunt ab. Dolor provident iure consequuntur perferendis. Sapiente necessitatibus vero et et. Fugit quia quia sed atque. Sunt quas id est nam iusto. Odio sit facilis ipsum quos vitae natus. Laudantium doloremque voluptatum itaque alias aut. Facilis libero aspernatur consequatur velit aut laborum tenetur ut. Eos quod quis animi magni.', 'DRAFT', 'https://lorempixel.com/1200/400/?17455', '2019-08-07 21:52:14', '2019-08-07 21:52:14'),
(7, 7, 5, 'Molestias omnis nihil totam error inventore.', 'molestias-omnis-nihil-totam-error-inventore', 'Sunt qui unde nostrum aliquid ut. In tenetur molestiae ut est ex beatae corporis ut. Quidem quasi assumenda necessitatibus rerum minus neque. Placeat iusto quia nulla molestiae ipsum nisi eum.', 'Quam eos minus sequi autem autem. Eaque deleniti assumenda neque temporibus minus et sed. Commodi omnis at consectetur. Ducimus facere esse voluptates non quis officia. Voluptatem porro consequuntur voluptates provident ipsam. Eum pariatur velit et suscipit sit vel. Debitis accusantium praesentium quasi et. Nostrum voluptatem sit qui totam consequuntur iusto et error. Quo ut commodi culpa ea omnis. Fugiat pariatur dolores sunt ipsum voluptatem excepturi. Repudiandae accusamus sint hic voluptas.', 'DRAFT', 'https://lorempixel.com/1200/400/?15518', '2019-08-07 21:52:14', '2019-08-07 21:52:14'),
(8, 26, 15, 'Qui animi ipsam amet.', 'qui-animi-ipsam-amet', 'Ad maxime accusantium unde voluptatibus voluptatem. Sit reiciendis consequatur quidem culpa itaque recusandae sit. Sed modi velit eos dolorem.', 'Est iste assumenda magni facere autem unde sit. Odio quam laudantium consequuntur rerum modi quia ipsam vitae. Ab praesentium eos id saepe. Laboriosam a maxime ducimus ab corporis. Rerum et eius libero nesciunt. Dicta ratione esse quo rem. Ducimus porro rerum qui minima natus ea nisi facere. Hic amet qui corporis molestias. Rerum dolorum maiores sit. Ut fugiat consequatur iste distinctio dolorem. Eum assumenda neque veritatis cum qui.', 'DRAFT', 'https://lorempixel.com/1200/400/?67473', '2019-08-07 21:52:14', '2019-08-07 21:52:14'),
(9, 22, 18, 'Nihil quidem at alias.', 'nihil-quidem-at-alias', 'Enim magni adipisci commodi aspernatur est odio voluptas. Sit optio qui accusamus earum ea perferendis consequatur. Et repudiandae quia magnam nisi blanditiis quidem aut nisi.', 'Voluptatum ipsa nam sit quia. Quos eos esse quibusdam soluta voluptatem. Dignissimos corporis architecto voluptas consequatur. Est inventore beatae sed placeat dolorem quod distinctio. Quia earum rerum molestiae. Odit modi sint est dolores esse inventore. Dolore quibusdam omnis nemo facere ut fuga porro occaecati. Nulla consequuntur accusantium quo et delectus. Soluta odit eos architecto nemo eaque.', 'PUBLISHED', 'https://lorempixel.com/1200/400/?94440', '2019-08-07 21:52:15', '2019-08-07 21:52:15'),
(10, 1, 16, 'Et quia iusto modi aliquam.', 'et-quia-iusto-modi-aliquam', 'Enim itaque consequatur adipisci veniam. Excepturi perferendis iure sunt in in. Aut autem sed in voluptas ratione mollitia error molestias. Velit dicta voluptatem ex laborum doloremque.', 'Velit et tempore et animi. Eaque dolor molestias perferendis. Porro cum illo fugiat reprehenderit dolor. Consequatur sunt dignissimos quis nobis. Velit adipisci occaecati dolorum earum doloribus iusto possimus. Et et vero et dolores. Repellat incidunt saepe dolorum dolores maiores corporis sed. Sit tempora exercitationem consequatur et reprehenderit sint ut alias. Saepe natus aut vero asperiores veniam.', 'DRAFT', 'https://lorempixel.com/1200/400/?39640', '2019-08-07 21:52:15', '2019-08-07 21:52:15'),
(11, 13, 16, 'Ut vero nesciunt.', 'ut-vero-nesciunt', 'Aspernatur eius quia ut magni at non. Voluptates eligendi ut autem. Aperiam sed a voluptatem voluptatem facilis quia odit. Qui omnis amet in aperiam aperiam.', 'Atque et autem quasi. Recusandae in sint similique adipisci. Ipsa aut officiis aspernatur pariatur quam. Sit exercitationem rerum iusto dolorem reiciendis ullam. Quas ut accusantium assumenda reiciendis voluptatem alias. Nemo veniam incidunt reprehenderit et iste facere aliquam. Voluptatem repellat deleniti mollitia nihil. Et esse vel non odio. Enim dolorem molestias maxime quia. Est dolores et doloremque ad.', 'PUBLISHED', 'https://lorempixel.com/1200/400/?52169', '2019-08-07 21:52:15', '2019-08-07 21:52:15'),
(12, 12, 3, 'Nemo maxime inventore qui voluptatem dolor.', 'nemo-maxime-inventore-qui-voluptatem-dolor', 'Reprehenderit vero et hic quas. Quasi nisi eligendi necessitatibus dolores quae sed. Aut est excepturi reiciendis ratione excepturi. Voluptatum et est laborum at. Vel et ea ut voluptatem id.', 'Voluptas quam ducimus id ea id. Qui cumque quia id qui sit quae. Consequuntur occaecati neque facilis blanditiis magni illo aut. Quia minima pariatur dolor necessitatibus. Unde consequatur quos sit quo officia consequatur in. Voluptatibus odit reiciendis consequatur a error. Deserunt nisi et eum perferendis ut quos.', 'DRAFT', 'https://lorempixel.com/1200/400/?48829', '2019-08-07 21:52:15', '2019-08-07 21:52:15'),
(13, 20, 9, 'Dolore est quas provident.', 'dolore-est-quas-provident', 'Impedit harum laboriosam officiis ea atque. Illum iure enim nemo. Laboriosam nobis sed tempora sed vel molestiae.', 'Tenetur sunt perspiciatis et non. Placeat est aliquid id cumque. Vel voluptatem minima itaque delectus repudiandae optio in. Quod error dolores nam minus id rerum sit. Quos officia omnis neque fugiat. Suscipit quo eos ea sint ipsa. In quis nostrum atque odio. Ipsum rerum ea quis quod fuga est aspernatur saepe. Consequatur alias non et ea. Consectetur ut perferendis ut nihil. Odit et sit blanditiis consequatur iusto veniam nesciunt.', 'PUBLISHED', 'https://lorempixel.com/1200/400/?60284', '2019-08-07 21:52:15', '2019-08-07 21:52:15'),
(14, 22, 15, 'Et in non rerum reprehenderit.', 'et-in-non-rerum-reprehenderit', 'Enim quo tempora porro iure autem totam. Porro harum esse et debitis. Facere doloribus qui et quia. Qui expedita et tenetur beatae omnis sint consequatur illum.', 'Adipisci eligendi voluptatum et culpa magni sit. Rerum praesentium corrupti rerum ut vero aspernatur. Est aspernatur quidem velit ab. Repellendus omnis voluptatem nam quam voluptatem. Quia provident ratione nihil aut. Aut velit placeat quo. Quod adipisci error ipsa repellat. Provident aut eum laborum fugit. Enim consectetur ducimus iure quaerat qui vero.', 'PUBLISHED', 'https://lorempixel.com/1200/400/?30682', '2019-08-07 21:52:15', '2019-08-07 21:52:15'),
(15, 1, 11, 'Ea ipsam repellat accusamus.', 'ea-ipsam-repellat-accusamus', 'Eum quia voluptate voluptatem et optio. Modi eos ullam animi praesentium consectetur quos temporibus alias. Ut doloribus sunt corrupti assumenda. Corrupti ad sed debitis officiis animi fugiat.', 'Officia velit quia eveniet esse nesciunt. Quaerat iste et hic tempora sequi qui. Illum vel nesciunt similique. Repudiandae qui quis eum quia corrupti et ipsam. Assumenda accusamus expedita quidem eaque in. Recusandae perferendis ut sed in omnis. Vel ut maxime cumque dolor. Deleniti commodi cum ad ad a omnis voluptates. Officia accusantium qui deserunt harum sequi accusantium modi exercitationem. Ipsum necessitatibus consequuntur quasi. Quibusdam quia alias voluptatem est dolorum iure.', 'DRAFT', 'https://lorempixel.com/1200/400/?98965', '2019-08-07 21:52:15', '2019-08-07 21:52:15'),
(17, 6, 6, 'Eveniet quaerat corporis aut illum.', 'eveniet-quaerat-corporis-aut-illum', 'Minima reiciendis asperiores eveniet impedit tempora perferendis quisquam. Perspiciatis iste a voluptatibus quia est est. Ad itaque et ratione aut cum praesentium.', 'Est et culpa iure. Asperiores cupiditate rerum voluptate rerum et quia nisi ut. Eaque dolorem error ut omnis distinctio. Dignissimos error aut molestias. Dolorem sit quam sed est enim. Necessitatibus perferendis at et eaque natus. Qui est error et modi ratione.', 'DRAFT', 'https://lorempixel.com/1200/400/?16989', '2019-08-07 21:52:15', '2019-08-07 21:52:15'),
(18, 25, 13, 'Consequatur nesciunt illo pariatur.', 'consequatur-nesciunt-illo-pariatur', 'Ut dolor assumenda itaque aperiam. Dolores voluptas omnis quasi quasi minima rerum. Quod laboriosam ipsam quam aut tempore libero. Esse quae modi consequuntur dolores.', 'Vel voluptatum animi dolore distinctio dolores fugiat. Iure eveniet ut qui mollitia. Qui temporibus sint inventore eveniet odit quae. Accusantium at est veritatis dolor maxime. Facilis harum ad iste saepe maiores ab. Aut eos at dignissimos et quidem voluptate. Consequatur consequatur voluptas nostrum aut assumenda non. Natus minima rerum quis aut molestiae animi rerum. Iusto id rem iusto consequatur vel. Minima reprehenderit architecto rem.', 'PUBLISHED', 'https://lorempixel.com/1200/400/?79837', '2019-08-07 21:52:15', '2019-08-07 21:52:15'),
(21, 18, 14, 'Molestiae quod at nam non.', 'molestiae-quod-at-nam-non', 'Laudantium officiis laudantium molestiae qui occaecati rerum. Non nam aperiam officia voluptas provident porro reiciendis et. Beatae est ut quod doloremque.', 'Non nihil quaerat nesciunt numquam minima. Nam facere totam saepe iure iusto inventore perspiciatis. Ipsa exercitationem ea ullam ea quam aut veniam. Quis dolor in sit inventore sequi. Suscipit quia sed quas. Inventore accusantium doloremque doloremque ut eligendi quidem aperiam. Reprehenderit ipsum quisquam ut quasi et sunt laborum laudantium. Nobis quas harum et neque qui recusandae. Velit at esse non et quae quis officia. Est cumque ex tempora quasi. Qui et et pariatur sit.', 'PUBLISHED', 'https://lorempixel.com/1200/400/?31251', '2019-08-07 21:52:15', '2019-08-07 21:52:15'),
(23, 26, 17, 'Veniam incidunt et voluptate voluptatem.', 'veniam-incidunt-et-voluptate-voluptatem', 'Id maxime voluptatem est et et sunt. Aspernatur quo ad animi tempore. Omnis praesentium similique earum molestias eos non cumque. Ut dolor officia iusto totam. Et labore et et quas eos voluptate aut.', 'Aut eum eaque labore nihil ea nesciunt et. Velit officia ut modi consequatur dolores. Fugiat adipisci ut nostrum debitis corporis ducimus. Possimus necessitatibus aut explicabo laboriosam sint veritatis labore. Pariatur atque consectetur qui velit commodi eaque. Tenetur tempore doloribus ut quisquam ipsa illo. Est et aut at qui. Voluptas rerum reprehenderit molestias numquam in qui.', 'DRAFT', 'https://lorempixel.com/1200/400/?46239', '2019-08-07 21:52:15', '2019-08-07 21:52:15'),
(24, 4, 2, 'Quis illo quo adipisci.', 'quis-illo-quo-adipisci', 'Omnis deserunt quis in illo. Consectetur eaque amet qui. Rerum enim nulla dolor sed dolores consequatur. Voluptate dolorum quisquam ducimus tempora hic sed.', 'Rem sunt id dolores error animi. Quos animi saepe veritatis quis laborum non eaque. In ipsam esse est laboriosam saepe ratione. Ab odit qui voluptatum aperiam tempore. Et sit et omnis necessitatibus. Ullam non velit quo esse accusantium saepe. Quidem qui rerum sed et pariatur sint occaecati. Minima maiores et eaque esse.', 'PUBLISHED', 'https://lorempixel.com/1200/400/?47697', '2019-08-07 21:52:15', '2019-08-07 21:52:15'),
(26, 19, 10, 'Officiis aut sint qui.', 'officiis-aut-sint-qui', 'Quis nisi ea odit vel placeat. Nisi numquam sit corrupti est. Sapiente quasi eum libero ea illo veniam non.', 'Optio vel dolore facere reiciendis voluptates. Omnis qui voluptas ad est minus. Reprehenderit quia aliquid veniam aut eum dolorum. Aperiam ex rerum cupiditate consectetur sed vel. Molestiae sunt quasi dolorem cumque illum ut eos. Ab alias necessitatibus dolores. Soluta earum ex et repellat nostrum esse rerum. Et debitis qui laborum non natus. Nobis fuga nam harum vero dolorum sint.', 'PUBLISHED', 'https://lorempixel.com/1200/400/?82735', '2019-08-07 21:52:16', '2019-08-07 21:52:16'),
(27, 20, 3, 'Nihil delectus molestiae.', 'nihil-delectus-molestiae', 'Doloremque iusto incidunt et quia et rerum facere. Doloremque nulla perspiciatis est vel totam. Ut consequatur perferendis quod aspernatur aspernatur debitis et.', 'Veniam ullam reiciendis delectus omnis sed omnis officia. Ut saepe placeat iusto voluptatem. Quia quisquam qui nemo et nulla earum. Qui consequuntur impedit ut ut expedita odio nostrum. Voluptas id occaecati dicta eum quidem. Ipsa repudiandae eligendi iste corporis laborum eligendi. Voluptatum natus in atque eum laborum quod non. Libero magnam et suscipit fugit libero voluptatum.', 'DRAFT', 'https://lorempixel.com/1200/400/?63662', '2019-08-07 21:52:16', '2019-08-07 21:52:16'),
(28, 3, 4, 'A voluptas et illo.', 'a-voluptas-et-illo', 'Soluta amet ab delectus. Pariatur iure ipsa cum veritatis. Error numquam occaecati repellat vero labore qui. Est ut culpa molestiae qui.', 'Perspiciatis iste animi aperiam commodi qui vel. Repellendus et maxime perferendis qui. Repellendus expedita hic quis odit. Sit est rerum est excepturi. Ipsa sit atque labore iure consequatur ad sunt. In minima aliquid sit nesciunt sed. Doloremque iure omnis maxime voluptatum. Ex eius ab tempore. Labore possimus aut qui magni et ut omnis enim.', 'DRAFT', 'https://lorempixel.com/1200/400/?22276', '2019-08-07 21:52:16', '2019-08-07 21:52:16'),
(29, 6, 12, 'Fugit debitis corporis ducimus corrupti.', 'fugit-debitis-corporis-ducimus-corrupti', 'Rem eaque error et animi id accusamus voluptate. Nihil sit doloremque autem est. Provident distinctio hic blanditiis eligendi accusantium explicabo inventore cupiditate.', 'Quisquam itaque debitis et ut aperiam. Sed commodi dolorum earum voluptatem. Inventore fuga inventore dolorum molestias rerum fugit et fuga. Quo omnis quia sunt. Perferendis rerum consequatur quo voluptas incidunt. Ipsam et illum temporibus quisquam aliquam. Eius provident vel dolorem maxime rem. Dolorem culpa optio blanditiis accusamus. Sint magnam veniam quos necessitatibus vel. Placeat sapiente at molestiae. Quia ullam ut itaque et laboriosam placeat. Et provident dolore nobis aliquam unde.', 'DRAFT', 'https://lorempixel.com/1200/400/?37398', '2019-08-07 21:52:16', '2019-08-07 21:52:16'),
(30, 17, 6, 'Accusantium voluptates ut.', 'accusantium-voluptates-ut', 'Saepe molestias nesciunt laboriosam veritatis. Nihil enim ab ea harum dolor.', 'Et libero maiores quia autem. Ipsum voluptatibus soluta suscipit possimus voluptatibus voluptas iste. Vel doloremque voluptas rerum. Dolorum voluptas omnis in inventore. Assumenda animi aliquid temporibus alias sunt quia. Cumque minus quasi quia quibusdam. Incidunt aliquam soluta id voluptas. Dolor quam consectetur eligendi exercitationem nam ex. Dolor perspiciatis voluptatem neque repudiandae temporibus voluptas.', 'DRAFT', 'https://lorempixel.com/1200/400/?60328', '2019-08-07 21:52:16', '2019-08-07 21:52:16'),
(32, 14, 15, 'Illum consequatur nulla odit.', 'illum-consequatur-nulla-odit', 'At eligendi id consequuntur sint. At sit cupiditate eligendi ut officiis similique suscipit. Fugit impedit et reiciendis nam illo eum. Vitae autem cumque amet ex. Qui et iure autem repellendus et.', 'Et molestiae distinctio maxime natus cupiditate. Magni magni qui adipisci sint est. Dignissimos nobis commodi eos et ut sunt aut. Sed doloribus excepturi laboriosam tenetur ex in iste asperiores. Nulla consequuntur quis fugit qui voluptatem assumenda minima harum. Ullam hic est non repellat amet iure. Eos sit saepe velit debitis maiores repudiandae non. Blanditiis sit sed est adipisci earum distinctio. Natus quo dignissimos ipsam quis suscipit fugit vel.', 'PUBLISHED', 'https://lorempixel.com/1200/400/?85526', '2019-08-07 21:52:16', '2019-08-07 21:52:16'),
(33, 11, 14, 'Omnis voluptatem reiciendis excepturi.', 'omnis-voluptatem-reiciendis-excepturi', 'Accusantium et soluta minus dolores est pariatur aut. Fugit adipisci aut veniam laboriosam dolorum rerum magni. Accusantium saepe suscipit ipsa quaerat minus possimus repellendus.', 'Veniam ea repudiandae magni iusto eveniet tenetur voluptatem. Ut et aut enim enim sequi earum aliquid. Vel vel nulla pariatur voluptatem consequuntur aliquam quis. Unde consectetur cum sequi voluptatem ex. Qui doloribus impedit unde. Aut beatae placeat aut eos laborum officiis ea iusto. Quas consequatur eos dolorem quod consectetur temporibus. Harum aut fuga sequi velit libero facere. Pariatur ut facilis at eos adipisci similique dolore.', 'DRAFT', 'https://lorempixel.com/1200/400/?84931', '2019-08-07 21:52:16', '2019-08-07 21:52:16'),
(34, 4, 5, 'Error placeat necessitatibus.', 'error-placeat-necessitatibus', 'Sit corporis temporibus aut id consequatur. Magnam dolores voluptas voluptatem. Eaque ullam sint id libero cumque. Qui vero odit veritatis optio.', 'Voluptas debitis aspernatur aliquid. Doloribus quidem quas illum optio sed occaecati quas. Est officia excepturi dolorem rerum. Consequatur qui quo sed. Nihil nulla est quasi voluptatum nulla qui ut ut. Enim quam natus saepe perferendis pariatur illo. Est qui delectus optio unde error fugit temporibus consequatur.', 'PUBLISHED', 'https://lorempixel.com/1200/400/?49164', '2019-08-07 21:52:16', '2019-08-07 21:52:16'),
(35, 6, 1, 'In sequi nesciunt aut voluptatibus.', 'in-sequi-nesciunt-aut-voluptatibus', 'Qui eius et voluptatem minus aliquam qui occaecati dolore. Consequatur id labore autem nesciunt. Nihil itaque eos dolorum omnis.', 'Fugiat debitis explicabo voluptatem facilis voluptas sed. Perferendis quos libero voluptatum consectetur hic quod repellendus. Qui itaque sit nesciunt dolorum necessitatibus voluptatem dicta. Recusandae accusamus explicabo vel possimus fuga voluptatibus. Ab commodi quisquam corrupti eligendi hic quia eveniet corrupti. Possimus in sed ut necessitatibus. Dolorum et quos laboriosam voluptate voluptas quo. Facere dolores quibusdam perferendis cum eligendi cum optio vitae. Quis culpa aliquid ex vel.', 'PUBLISHED', 'https://lorempixel.com/1200/400/?94243', '2019-08-07 21:52:16', '2019-08-07 21:52:16'),
(36, 25, 11, 'Commodi possimus voluptatibus fuga ut.', 'commodi-possimus-voluptatibus-fuga-ut', 'Asperiores qui fugit quidem at aut non repellendus sed. Sed repellat possimus explicabo sed ex quis nihil. Non ut provident velit exercitationem. Distinctio qui qui nostrum velit enim repellat.', 'Quia consequuntur nobis sunt quia. Quia quos excepturi quos iste asperiores dignissimos. Eveniet aliquid sit et assumenda qui possimus. Error consequatur itaque doloremque atque est aperiam. Est beatae ex ducimus veritatis modi ut expedita. Occaecati laudantium officia enim consequatur. Voluptatem similique repudiandae qui harum.', 'DRAFT', 'https://lorempixel.com/1200/400/?36807', '2019-08-07 21:52:16', '2019-08-07 21:52:16'),
(37, 14, 2, 'Nihil veritatis repudiandae.', 'nihil-veritatis-repudiandae', 'Ullam recusandae sit tenetur voluptatem dolor. Sequi labore commodi deserunt atque nesciunt.', 'Numquam enim sunt enim. Suscipit dolores optio quod ex illum aut neque explicabo. Ea quia rerum facilis blanditiis nostrum odit doloribus. Qui eveniet qui veritatis. Reiciendis similique molestiae sequi corporis aut. Debitis deserunt eius reiciendis ut vel. At eveniet fugiat ut exercitationem deleniti. Sed eaque in qui eligendi. Voluptatem sint iusto dolore. Sequi voluptatibus voluptatem aut.', 'DRAFT', 'https://lorempixel.com/1200/400/?15642', '2019-08-07 21:52:16', '2019-08-07 21:52:16'),
(38, 3, 16, 'Nemo est dolores laboriosam.', 'nemo-est-dolores-laboriosam', 'Animi ducimus illum ipsa modi ab sed et. Sunt repudiandae totam eos. Voluptatem voluptas repudiandae totam nam perspiciatis.', 'Voluptatum qui mollitia et nam dolorum nisi. Ab fugiat et amet tempora. Inventore totam a quae dolor nihil vel. Aut eveniet alias et at porro in. Consequatur laboriosam veritatis non quasi debitis quaerat delectus. Aut ad deleniti et dolor nesciunt dicta. Voluptates recusandae saepe harum voluptatem. Atque voluptates autem sapiente quisquam sed reprehenderit earum. Voluptas officiis culpa vel dolor eos esse. Voluptas et quae repellat totam.', 'PUBLISHED', 'https://lorempixel.com/1200/400/?27135', '2019-08-07 21:52:16', '2019-08-07 21:52:16'),
(39, 6, 6, 'Quod vel consectetur eligendi fugiat deserunt.', 'quod-vel-consectetur-eligendi-fugiat-deserunt', 'Eaque sunt fugiat fuga in dolorum dolore unde. Aspernatur et corrupti sunt dolorem. Qui eum natus earum eveniet. Voluptatibus minima repellat asperiores qui cumque odit.', 'Rerum incidunt consequuntur laborum quo tempore rerum. Facilis blanditiis et voluptas magnam qui aliquid et. Quis id unde rerum cum quis. Dignissimos alias exercitationem a sed voluptatem. Ea id ipsa et et nulla et. Asperiores sint magni esse soluta vel. Accusantium ab itaque libero adipisci. Ea quas magnam quo. Porro tempora facere a quia repudiandae est. Velit vitae et est autem cumque voluptate.', 'PUBLISHED', 'https://lorempixel.com/1200/400/?46385', '2019-08-07 21:52:16', '2019-08-07 21:52:16'),
(41, 7, 8, 'Inventore nihil ratione temporibus et.', 'inventore-nihil-ratione-temporibus-et', 'Eligendi occaecati suscipit esse et nemo incidunt. Voluptatem sit sed illo omnis sit quia ducimus reiciendis. Id fugiat doloremque et eum perspiciatis.', 'Iste facere illo ullam tempora eligendi aut. Perferendis sit et est deserunt in ratione. Qui sed quo et adipisci debitis quam et. Eligendi recusandae optio laborum numquam. Ea veritatis unde laboriosam non ut et. Quis tenetur sit unde non quidem dolore unde. Eligendi aut nam sunt incidunt consequuntur. Libero qui commodi porro ipsum quas quidem omnis. Vel dicta laborum qui. Sint nobis amet suscipit illum labore ducimus.', 'PUBLISHED', 'https://lorempixel.com/1200/400/?67727', '2019-08-07 21:52:17', '2019-08-07 21:52:17'),
(42, 9, 17, 'Reiciendis enim temporibus.', 'reiciendis-enim-temporibus', 'Sequi et laudantium officia enim. Sint recusandae repudiandae odit. Possimus nisi nisi unde minus laboriosam accusamus facilis.', 'Delectus quam doloribus cumque repudiandae nostrum doloribus aut aspernatur. Eos repellendus voluptatem voluptatem consequuntur. Sed rerum aut doloribus expedita sit tempora. Est officiis facilis natus consequatur. Facilis ut doloribus fugiat error voluptatem laboriosam voluptatibus. Voluptatibus libero autem quia rem enim dolore ducimus. Quis esse est cum cupiditate earum voluptas nihil. Cupiditate aut eum qui. Consectetur inventore ea quo eos nemo aliquam.', 'PUBLISHED', 'https://lorempixel.com/1200/400/?70383', '2019-08-07 21:52:17', '2019-08-07 21:52:17'),
(43, 10, 6, 'Voluptatum laboriosam nobis.', 'voluptatum-laboriosam-nobis', 'Molestias magnam libero dolores id molestias provident numquam. Saepe sint velit sint qui enim. Quos et molestiae aperiam ut voluptas ut omnis ducimus. Sit aliquam ipsa et et rerum aperiam ad.', 'Delectus est voluptas non. Dolorum ea temporibus commodi consequuntur quia ratione dolor iste. Quia dolorem nihil officiis nihil et voluptatibus. Quas non iusto eos amet. Sint sed nostrum esse et minus. Ipsam doloribus qui minus odio ducimus amet mollitia. Vel earum est sunt alias. Dolor porro necessitatibus natus fuga illum. Magnam rerum impedit voluptatem et magnam sunt.', 'PUBLISHED', 'https://lorempixel.com/1200/400/?46381', '2019-08-07 21:52:17', '2019-08-07 21:52:17'),
(44, 10, 4, 'Ut et dolorum ad sit.', 'ut-et-dolorum-ad-sit', 'Temporibus eius dolores expedita quam. Nesciunt et vitae dolor quaerat. Enim impedit rem enim. Quas cupiditate ab sed sit minus itaque accusantium.', 'Aut et molestias iste non consequuntur. Natus officia laboriosam et aut eaque quia dicta. Blanditiis porro assumenda quaerat. Deleniti explicabo eveniet dicta voluptates iusto temporibus velit. Qui ex assumenda qui quis assumenda. Eos in quam accusamus aut quia ex id. Eos voluptas dolores natus quod iusto ducimus. Nemo optio soluta eum. Officiis non qui ad totam est. Et aut accusantium sapiente rerum quo.', 'DRAFT', 'https://lorempixel.com/1200/400/?69318', '2019-08-07 21:52:17', '2019-08-07 21:52:17'),
(45, 19, 11, 'Exercitationem ab corporis inventore.', 'exercitationem-ab-corporis-inventore', 'Modi laborum dolorem molestiae consequatur. Ullam sed quo voluptatem eaque facilis quis ducimus. Iure sed dolorem qui quibusdam incidunt. Velit rem et eligendi praesentium deserunt mollitia.', 'Alias enim aliquid inventore ipsum. Quas praesentium est laborum aliquid. Non enim sit quod laborum est laborum iste. Ea ut ea eaque. Ut et et dolorem aut quia distinctio. Saepe est architecto et nihil rem aut. Animi aut eum sequi necessitatibus id. Voluptatibus qui quidem veritatis et voluptatibus sunt. Dolores quas et laborum eaque.', 'DRAFT', 'https://lorempixel.com/1200/400/?72848', '2019-08-07 21:52:17', '2019-08-07 21:52:17'),
(46, 21, 13, 'Et quis sequi.', 'et-quis-sequi', 'Odit quam non reprehenderit doloribus. Rerum nobis deleniti nulla. Magnam sint blanditiis ea maxime et explicabo.', 'Quia quidem culpa asperiores animi assumenda non. Ipsa sint quidem incidunt enim iure a dolorum. Culpa iste sit ea tempora nisi. Illum voluptas illo ipsam blanditiis tempora. Sint sit sit et quasi perspiciatis sit labore perferendis. Quis provident sed eos corporis deserunt qui. Et qui et asperiores quod non. Eos quidem velit excepturi ut quis reprehenderit minus sunt. Optio dolor distinctio explicabo dolores architecto. Rerum repudiandae reprehenderit ut deserunt eligendi eius.', 'DRAFT', 'https://lorempixel.com/1200/400/?63684', '2019-08-07 21:52:17', '2019-08-07 21:52:17'),
(47, 1, 2, 'Qui sequi reprehenderit.', 'qui-sequi-reprehenderit', 'Molestias in inventore voluptatem nisi. Velit porro facilis ea ducimus aut tempora. Culpa dolor velit non deserunt et magni. Aut omnis eum consectetur labore sequi nemo commodi.', 'Placeat quibusdam corrupti est ex. Atque voluptatum cupiditate quasi adipisci quae saepe exercitationem. Officiis tempora repudiandae et cumque ut aut explicabo. Repudiandae sed maxime itaque similique iste. Laboriosam possimus voluptatum quam excepturi sapiente optio omnis. Et enim in maiores sit quam vitae laborum. Voluptatem dignissimos ipsum enim voluptatum.', 'DRAFT', 'https://lorempixel.com/1200/400/?78615', '2019-08-07 21:52:17', '2019-08-07 21:52:17'),
(48, 13, 14, 'Porro qui sit voluptatem ipsa.', 'porro-qui-sit-voluptatem-ipsa', 'Recusandae illo assumenda quaerat praesentium. Non distinctio est delectus doloremque non dicta et. Quia ut est placeat modi porro tempore voluptatem.', 'Cumque placeat cumque eos quasi. Tenetur unde non cum et iste autem. Impedit laborum necessitatibus autem ut reprehenderit quidem nihil. Officiis aperiam aut qui vitae error. Explicabo dolorem omnis voluptates debitis tempora consequuntur. Non impedit ipsa accusantium totam odio qui. Maxime ex architecto voluptatum est at odio.', 'DRAFT', 'https://lorempixel.com/1200/400/?33892', '2019-08-07 21:52:17', '2019-08-07 21:52:17'),
(49, 3, 3, 'Velit qui tempora commodi.', 'velit-qui-tempora-commodi', 'Architecto dolore eveniet rerum accusamus sed culpa. Ea explicabo sequi non magni voluptatem libero. Fugit dolor sequi inventore nemo dignissimos. Eum optio inventore sunt est non.', 'Perspiciatis vero vitae minima nesciunt accusamus. Vel qui animi commodi culpa debitis ut. Non perspiciatis voluptates accusantium nemo qui tempora. Veritatis dolor amet quam vel. Nobis vel adipisci fuga eos necessitatibus ut. Sunt dolorum fugit sunt labore voluptatem. Consequatur et qui qui repudiandae non. Perferendis dolorum asperiores accusantium magnam et recusandae maxime.', 'DRAFT', 'https://lorempixel.com/1200/400/?38337', '2019-08-07 21:52:17', '2019-08-07 21:52:17'),
(50, 15, 2, 'Voluptatem quos eos dolorem voluptatum.', 'voluptatem-quos-eos-dolorem-voluptatum', 'Voluptatem est culpa dolores nulla voluptatum distinctio rerum. Velit eum non atque commodi pariatur. Quam fugit animi quos tempora.', 'Quis pariatur est non placeat. Dignissimos magni porro blanditiis officia. Modi velit sit accusantium corporis consequuntur quia. Aut dolorem consequuntur est sint mollitia et. Aliquid cum non minus repellat quam ipsa qui. Aut enim quaerat impedit fuga quod ex. Molestiae dolor quis necessitatibus eius est sed id cumque. Voluptatem ut minus consequatur nisi. Nihil velit incidunt numquam labore voluptatem. Ut et quia veniam ut dicta. Veniam quasi repellendus molestiae suscipit corporis deserunt.', 'PUBLISHED', 'https://lorempixel.com/1200/400/?30991', '2019-08-07 21:52:17', '2019-08-07 21:52:17'),
(51, 27, 11, 'Ipsam delectus veniam id.', 'ipsam-delectus-veniam-id', 'Voluptas sed tempore molestias facere quibusdam harum. Quidem voluptas temporibus nihil ex fugiat non et. Facilis cum similique aut quam vero ratione.', 'Architecto earum adipisci laborum veniam inventore. Illum sunt modi impedit aperiam qui doloremque. Eaque quas corporis sapiente officiis sequi tempora. Distinctio omnis autem quis repellendus aut dolorem. Ut itaque velit tempora culpa. Accusamus laboriosam officiis ad quidem autem ratione. Consequatur ut occaecati sit enim quia.', 'PUBLISHED', 'https://lorempixel.com/1200/400/?59879', '2019-08-07 21:52:17', '2019-08-07 21:52:17'),
(52, 9, 17, 'Rerum dolor ratione quibusdam.', 'rerum-dolor-ratione-quibusdam', 'Velit blanditiis dolore ut. Accusantium non perspiciatis itaque accusamus. Praesentium tempora et quia qui. Mollitia illo corporis fuga pariatur ex exercitationem impedit.', 'Soluta est et ullam quaerat quo. Non eligendi quia ratione placeat rerum. Pariatur odio blanditiis non odio. Sunt animi exercitationem fugiat ut sed quia. Similique vel qui veritatis. Et modi ea fugit excepturi ratione quas eum quidem. Beatae sit enim earum blanditiis. Aut at rem numquam qui aut. Rerum hic in ut est facere iste eos. Ea praesentium aut quaerat ullam quia.', 'PUBLISHED', 'https://lorempixel.com/1200/400/?26351', '2019-08-07 21:52:17', '2019-08-07 21:52:17'),
(53, 8, 17, 'Et et dolorem aut.', 'et-et-dolorem-aut', 'Sit quam alias nihil non optio veritatis aut ex. Impedit dolorem sunt quis rerum tenetur explicabo sint ex. Non ea nisi et ut. Asperiores dolores voluptate est ratione placeat similique nihil.', 'Sed magni in est enim in dolore. Nihil dolorem aut officiis. Quasi rerum mollitia ex qui amet cupiditate. Saepe dicta est corporis libero qui dolorem. Consequatur facere cupiditate reiciendis eos omnis nihil quo. Qui dolores provident libero nihil suscipit. Ut molestiae similique doloremque enim pariatur est. Qui ab iusto ut veritatis et nobis fuga.', 'PUBLISHED', 'https://lorempixel.com/1200/400/?66197', '2019-08-07 21:52:17', '2019-08-07 21:52:17'),
(54, 8, 10, 'Repudiandae qui molestias maiores ipsum.', 'repudiandae-qui-molestias-maiores-ipsum', 'Quo rerum non accusantium quam aut eum ipsa. Et doloremque beatae temporibus cumque enim asperiores sequi. Id aut similique et aut eaque illum. Accusantium veniam ea et ut.', 'Eos quis culpa quia nulla debitis cumque. Et ipsam sint facilis aut laudantium. Voluptates eaque suscipit atque vitae. Ut est quisquam voluptatem. Provident in maiores velit. Id quibusdam est et repellat excepturi vero temporibus. Vel earum et nostrum sequi amet sint beatae. Adipisci quam quibusdam nihil voluptate.', 'DRAFT', 'https://lorempixel.com/1200/400/?32994', '2019-08-07 21:52:17', '2019-08-07 21:52:17'),
(55, 24, 6, 'Est et dignissimos nemo molestiae aut.', 'est-et-dignissimos-nemo-molestiae-aut', 'Id explicabo odio vel et dolorum nemo sed. Qui eum qui unde adipisci ut. Est sed hic quia consequatur.', 'Nobis tempora ipsam sapiente quasi. Autem quia culpa quia soluta nihil sed excepturi neque. Consequuntur aliquam a suscipit dolorem iure corporis vero consequatur. Quia rem sit molestiae. Quod sed ut odit aliquam. Quia voluptate ratione est perferendis a. Sed illo odio perspiciatis et. Et repellendus perspiciatis eos et. Maiores cum quaerat asperiores dolorem reprehenderit sequi nihil.', 'DRAFT', 'https://lorempixel.com/1200/400/?26488', '2019-08-07 21:52:17', '2019-08-07 21:52:17'),
(56, 8, 10, 'Nulla et harum at culpa.', 'nulla-et-harum-at-culpa', 'Voluptatem adipisci eius ut est aperiam sit. Aliquam laudantium eius illo ut. Rerum eligendi explicabo quidem placeat officiis rerum nemo qui. Ut qui quis eveniet laudantium rerum quasi.', 'Aspernatur velit sapiente earum aut sed veritatis optio. Et inventore qui quia quis nihil. Fuga ipsam nemo illum qui. Saepe qui et minima laudantium tempora nam. Animi quasi dolor voluptatum amet. Id reiciendis explicabo quia ratione delectus sed tenetur. Earum autem suscipit est voluptatem veniam. Voluptatem dolorem ut eveniet sed esse. Voluptate at saepe cum ipsam. Possimus consequatur cumque est nihil quae.', 'PUBLISHED', 'https://lorempixel.com/1200/400/?84779', '2019-08-07 21:52:18', '2019-08-07 21:52:18'),
(57, 25, 2, 'Praesentium labore sunt aut aut.', 'praesentium-labore-sunt-aut-aut', 'Totam animi voluptatem commodi adipisci impedit neque. Magnam rerum iure neque sed ducimus modi. Numquam autem explicabo ipsum numquam nisi quia. Officiis vel fugit voluptatum dolores.', 'Nemo atque nesciunt hic. Voluptatibus autem est adipisci temporibus voluptas optio. Recusandae necessitatibus quisquam non tempore omnis ipsam ab. Blanditiis quidem laborum non cupiditate laudantium. Sunt totam porro ipsam enim. Odio nihil modi eum fuga fugit. Aut soluta quis excepturi aut eveniet quia. Et dicta neque magnam omnis autem accusamus exercitationem. Amet veniam quod dolores. Maxime dolorum minima voluptatem nihil. Nulla repellat qui dolorem exercitationem est.', 'PUBLISHED', 'https://lorempixel.com/1200/400/?30826', '2019-08-07 21:52:18', '2019-08-07 21:52:18'),
(59, 28, 1, 'Voluptate iusto blanditiis.', 'voluptate-iusto-blanditiis', 'Non dolorem autem vero sed sunt. Reprehenderit et perspiciatis dignissimos dolores quaerat mollitia. Animi enim aut et voluptatem.', 'Aut aut in sit. Voluptas non nihil impedit ducimus mollitia recusandae velit. Ratione qui non ipsa quas. Quasi quidem et voluptatibus. Odit ad incidunt accusamus omnis. Natus blanditiis doloremque id blanditiis. Quae doloribus ea aut aliquid totam. Recusandae vel voluptatem porro qui. Dolorem suscipit occaecati eius.', 'PUBLISHED', 'https://lorempixel.com/1200/400/?99652', '2019-08-07 21:52:18', '2019-08-07 21:52:18'),
(60, 29, 10, 'Explicabo ex omnis perferendis.', 'explicabo-ex-omnis-perferendis', 'Odio rerum mollitia exercitationem et quod qui perferendis. Officia velit consequatur voluptates excepturi aliquam.', 'Praesentium illo molestiae eligendi adipisci qui. Voluptatem dolores rerum aliquid. Provident sed id quaerat officia. Quia autem doloremque velit est. Mollitia laudantium maxime quos deleniti. Rerum ut dolore reprehenderit quaerat autem quasi enim. Dignissimos consequuntur autem cupiditate cumque ducimus blanditiis voluptatem nobis. Enim quaerat nostrum qui non quia.', 'PUBLISHED', 'https://lorempixel.com/1200/400/?73124', '2019-08-07 21:52:18', '2019-08-07 21:52:18'),
(61, 24, 9, 'Vel pariatur ullam sit velit adipisci.', 'vel-pariatur-ullam-sit-velit-adipisci', 'Repellat est rerum magni rerum illo ad. Saepe et dolore consequatur dolore. Esse omnis tempora consectetur velit reiciendis voluptatibus non.', 'Exercitationem deserunt qui nisi. Ab natus omnis debitis est. Vitae tempora esse aut omnis. Et et aliquam praesentium quod ducimus. Minima id quas et dolor omnis ut. Consequatur cupiditate voluptatem aut quia natus accusamus. Illo sed voluptatem dolores similique quibusdam nesciunt. Similique minus unde officiis corporis in voluptatem. Ut est sapiente sed et et. Incidunt provident voluptas quod corporis et.', 'PUBLISHED', 'https://lorempixel.com/1200/400/?33726', '2019-08-07 21:52:18', '2019-08-07 21:52:18'),
(62, 22, 9, 'Non ullam pariatur ratione fuga aut.', 'non-ullam-pariatur-ratione-fuga-aut', 'Est nihil porro autem iure illum quae odio. Aliquam nihil ut labore consequatur quia. Quisquam dolore minima veritatis quibusdam. Officiis sit labore fugit veritatis esse doloremque aut.', 'Unde sit labore ea et. Voluptatem doloremque molestias minus officiis qui. Enim sit et repellat expedita earum minima delectus. Consectetur iste in quis fugit officiis. Iusto sit et itaque corporis nostrum dolorum sed. Consequatur id culpa beatae corporis qui sunt dolore. Totam unde sed rem. Ut quasi ut quo assumenda praesentium odit consequatur. Unde quod ut et nihil omnis adipisci aut. Rem omnis minima necessitatibus nulla recusandae enim. Sunt in nesciunt suscipit.', 'DRAFT', 'https://lorempixel.com/1200/400/?99094', '2019-08-07 21:52:18', '2019-08-07 21:52:18'),
(63, 5, 16, 'Labore debitis molestiae repellendus.', 'labore-debitis-molestiae-repellendus', 'Consectetur incidunt deserunt architecto necessitatibus voluptates. Beatae ipsum optio quo repudiandae quasi aut. Voluptas nisi eveniet laudantium doloribus minima nulla quas odio.', 'Ipsum ratione cum recusandae qui voluptas ea eaque. Inventore consequatur dolorem fuga saepe. Voluptatibus explicabo impedit sit dicta nostrum numquam nulla. Nostrum eveniet eum perspiciatis debitis. Eligendi dolores sed qui nobis ipsum excepturi quia. Veritatis dolorem eos eligendi nihil doloribus quidem est. Praesentium mollitia facere voluptatibus officiis. Voluptatem dolor voluptatem voluptatem totam sunt nostrum vel.', 'DRAFT', 'https://lorempixel.com/1200/400/?44371', '2019-08-07 21:52:18', '2019-08-07 21:52:18'),
(64, 25, 2, 'Porro odit sint et maxime.', 'porro-odit-sint-et-maxime', 'Temporibus molestias assumenda recusandae nemo magnam molestiae. Odio id quam possimus. Nobis voluptatibus officiis nihil quo. Eum aut impedit dignissimos eius porro et.', 'Velit corporis corporis ullam qui nobis architecto minima. Iusto dolores similique itaque natus libero. Ipsa quia quibusdam ut maiores. Est ut consequuntur libero dolorem corporis. Velit iusto necessitatibus repellat suscipit. Qui est magni molestias quia dolorem nihil. Aut ratione laborum dolorum qui nam. Quo id iure sint dolore suscipit repellendus distinctio rerum. Consectetur aut neque cupiditate non ratione iure aut.', 'DRAFT', 'https://lorempixel.com/1200/400/?28838', '2019-08-07 21:52:18', '2019-08-07 21:52:18'),
(65, 16, 15, 'Vero dolorem totam et.', 'vero-dolorem-totam-et', 'Dolorem hic dolor quisquam facilis cupiditate. Facilis eius fuga qui. Harum velit ex voluptatem nihil eveniet ullam ducimus quibusdam.', 'Possimus optio sapiente expedita sit sed. Autem cum in ratione quo. Libero sunt dolor ullam. Eveniet perferendis ut enim adipisci consequatur iste non. Ullam laborum error fugiat autem repellat. Animi sunt qui sit sed suscipit quis. Modi repellendus perferendis reprehenderit dolorem et. In illo et possimus nihil et pariatur id. Illo ab occaecati inventore est illo nihil. Perspiciatis a ipsa sequi. Repellat qui vitae dolorem itaque voluptates ratione.', 'PUBLISHED', 'https://lorempixel.com/1200/400/?77381', '2019-08-07 21:52:18', '2019-08-07 21:52:18'),
(66, 1, 7, 'Doloribus sunt sint quasi ut.', 'doloribus-sunt-sint-quasi-ut', 'Cum culpa ut vel laborum facere. Et necessitatibus nisi expedita sint qui autem. Nesciunt aliquid magni aut a iste. Ea deleniti tenetur aut aspernatur iusto quam quo.', 'Maiores sunt corporis ratione qui quia qui nihil. Sunt aut voluptatem nesciunt sapiente perferendis. Ea aut aliquid sed. Rem voluptas qui minima deleniti eum. Aut voluptatem nisi sequi nesciunt. Nulla laborum totam et ut. Et labore incidunt unde in hic quam. Facere deserunt omnis aut incidunt totam quo nihil. Consequuntur et blanditiis qui nesciunt. Mollitia debitis saepe alias aut temporibus ab. Ea ad distinctio aut omnis temporibus.', 'PUBLISHED', 'https://lorempixel.com/1200/400/?62529', '2019-08-07 21:52:18', '2019-08-07 21:52:18'),
(67, 15, 11, 'Odio voluptatum dolores.', 'odio-voluptatum-dolores', 'Rerum quis est quos. Dolorum reprehenderit doloremque aperiam ea rem eos. Ipsum ea praesentium unde quaerat.', 'Non occaecati voluptatem nemo quam et odio. Dolor sapiente et dolor nisi in. Et aspernatur sint atque cum. Similique qui eos sed maiores voluptas. In et voluptatem et. Quam quia dignissimos quae ullam. Mollitia nisi corporis qui culpa rerum cupiditate. Sed ducimus voluptate voluptatem quaerat molestias odio eaque et. Recusandae dignissimos necessitatibus dolor asperiores aperiam placeat. Enim et alias tenetur sit. Voluptates cupiditate magni quas dignissimos.', 'PUBLISHED', 'https://lorempixel.com/1200/400/?97545', '2019-08-07 21:52:18', '2019-08-07 21:52:18'),
(68, 18, 6, 'A quod ut quis voluptates sed.', 'a-quod-ut-quis-voluptates-sed', 'Perspiciatis consequatur voluptas eius enim possimus ducimus quaerat dolorum. Debitis voluptatem possimus sit omnis est voluptates tempore est. Aut excepturi et maxime eos.', 'Ducimus amet quisquam omnis odio aliquam ut. Non aut eos corrupti nesciunt adipisci ut corrupti. Culpa aut eligendi voluptatem dolores ipsam ea sed. Voluptatem incidunt quo id veniam inventore. Minima consequatur aut deserunt tempore magni enim consequatur. Voluptas autem fugit explicabo voluptas culpa voluptatem. Autem sit soluta consectetur unde. Doloribus minima aut nisi voluptas harum et explicabo. Qui vel maiores dolore ratione facilis.', 'DRAFT', 'https://lorempixel.com/1200/400/?81389', '2019-08-07 21:52:18', '2019-08-07 21:52:18'),
(69, 19, 7, 'Inventore ex ut pariatur labore.', 'inventore-ex-ut-pariatur-labore', 'Dolor omnis ut accusamus corporis reprehenderit. Ex harum nemo cumque omnis harum quis sit. Numquam et ipsum voluptatum reprehenderit accusantium excepturi quisquam.', 'Sed voluptatum beatae officiis culpa aut et. Eum eos numquam rerum nisi. Maxime quo non qui aut. Nam hic enim quo porro est ipsum. Ut nihil nihil quae est. Est qui et omnis. Et eos modi et. Voluptatem voluptas beatae vitae odio quo doloremque. Ut non cum necessitatibus numquam enim deserunt. Optio aliquam id et officiis vel. Corrupti quia nihil sunt qui aliquid. Est error officia et perspiciatis iste. Quidem officiis sit distinctio delectus sit similique.', 'DRAFT', 'https://lorempixel.com/1200/400/?27407', '2019-08-07 21:52:18', '2019-08-07 21:52:18'),
(70, 12, 10, 'Est voluptatum molestiae omnis.', 'est-voluptatum-molestiae-omnis', 'Aliquam vel molestiae dolores aut. Neque quibusdam consequatur porro explicabo ut non. Iure temporibus non beatae et sunt eveniet. Sit et libero ea dolorum dolorem accusamus laborum.', 'Asperiores recusandae et enim sapiente maiores eos molestiae. Placeat maiores aut aliquam quas velit quod aut. Dolore nesciunt sit ut. Illum officiis voluptatem cum aut et. Repellat totam et in illo est sunt. Non neque et aut rerum et. Reiciendis autem quasi excepturi ipsam et itaque sit. Qui est qui odit autem perspiciatis rerum provident quos. Aut sit doloribus est et optio perspiciatis.', 'PUBLISHED', 'https://lorempixel.com/1200/400/?47943', '2019-08-07 21:52:18', '2019-08-07 21:52:18'),
(71, 20, 6, 'Qui consequatur dicta.', 'qui-consequatur-dicta', 'Magni earum quia ad voluptatum quae consequatur quibusdam. Et adipisci sit veritatis. Reprehenderit et quam inventore voluptatum officia aperiam. Nulla omnis iure omnis eum repudiandae.', 'Possimus rerum consequatur qui corporis aut qui. Enim magni et ipsam quaerat dignissimos delectus. Itaque natus laborum similique assumenda. Possimus laboriosam ratione aut maiores rerum eligendi qui. Provident neque ut error est velit voluptas qui. Quis architecto qui laudantium qui. Ducimus vel nemo voluptatibus debitis numquam tempora. Ex est voluptates alias alias voluptatem quisquam. Consequuntur ea nisi aperiam. Doloremque sed velit hic voluptate eos omnis aut.', 'DRAFT', 'https://lorempixel.com/1200/400/?38257', '2019-08-07 21:52:18', '2019-08-07 21:52:18'),
(73, 16, 16, 'Saepe beatae cumque et laborum.', 'saepe-beatae-cumque-et-laborum', 'Eos incidunt qui quod sit. Porro repellendus ex est consequuntur nobis molestiae. Eum ut ad itaque eveniet. Possimus optio vel qui quos provident.', 'Cumque eligendi voluptatem atque quae praesentium illum. Consectetur laudantium culpa et sit accusamus vitae nostrum. Officia voluptatibus et aperiam quia tempora et. Labore quod quis quia. Animi ut ut rerum quidem quo. Eum quam sequi fuga aut vitae. Culpa itaque explicabo excepturi neque iure assumenda. Dignissimos tempora sed sunt dolores quia pariatur. Officia ut dolorum a debitis ex. Suscipit magni in quo quia.', 'PUBLISHED', 'https://lorempixel.com/1200/400/?44040', '2019-08-07 21:52:18', '2019-08-07 21:52:18'),
(74, 7, 7, 'Molestiae delectus voluptate.', 'molestiae-delectus-voluptate', 'Consequatur quia nobis vel et pariatur illum aut. Aliquam quas rerum amet quae porro incidunt. Iure quisquam suscipit rerum et rerum numquam corporis.', 'Ducimus qui neque mollitia officia eligendi et accusantium. Nihil in tempore delectus sapiente expedita sed est. Aut modi nemo sunt et id vel. Doloribus voluptatibus earum est sapiente. Illo dolorum dolore natus nostrum. In adipisci autem enim rerum. Laborum cumque et facilis et tempore nisi qui amet. Et incidunt ut et veritatis perspiciatis. Et distinctio officia fugit facilis voluptatum debitis. Non deleniti necessitatibus ipsa.', 'DRAFT', 'https://lorempixel.com/1200/400/?85195', '2019-08-07 21:52:19', '2019-08-07 21:52:19'),
(75, 14, 16, 'Et excepturi tempore aut natus est.', 'et-excepturi-tempore-aut-natus-est', 'Tempora quia voluptatem officiis nihil libero eius facilis. Voluptates quas odio saepe ut doloribus ut quod rerum. Incidunt hic ut omnis ut.', 'Ullam fuga atque assumenda beatae corrupti. Inventore repellendus doloribus velit ut facere. Cupiditate debitis est esse dolores molestiae aliquam neque. Reiciendis et molestias ab beatae fugit. Temporibus ipsam consequatur numquam omnis impedit dolor et ut. Sed itaque iure eum enim. Quam quod quae ea quasi sequi quasi voluptas.', 'DRAFT', 'https://lorempixel.com/1200/400/?35502', '2019-08-07 21:52:19', '2019-08-07 21:52:19'),
(76, 26, 6, 'Itaque cum quibusdam explicabo impedit.', 'itaque-cum-quibusdam-explicabo-impedit', 'Fugiat quia non vel maiores ut ut. Vitae neque quia voluptatem voluptatem. Cupiditate consequatur ullam illo et pariatur.', 'Ullam laboriosam qui omnis nobis expedita iure animi. Eum placeat voluptatibus porro impedit. Impedit aut hic aliquid officia in illo. Est illum ut sed commodi ab fuga. Dolores et sed consequuntur ut alias. Quasi commodi sint et nemo incidunt omnis. Sed dolorem enim et ad omnis odit voluptas. Doloribus aliquam accusantium esse. Mollitia et magni neque. Delectus ducimus ut voluptatem. Libero beatae sed quisquam maiores quis voluptatum nihil.', 'DRAFT', 'https://lorempixel.com/1200/400/?42530', '2019-08-07 21:52:19', '2019-08-07 21:52:19');
INSERT INTO `posts` (`id`, `user_id`, `category_id`, `name`, `slug`, `excerpt`, `body`, `status`, `file`, `created_at`, `updated_at`) VALUES
(77, 17, 12, 'Totam eaque voluptatum est.', 'totam-eaque-voluptatum-est', 'Iusto molestiae corporis dolorum architecto veritatis debitis. Qui ut ex dolor. Sint et voluptas sequi dolorem sed nesciunt.', 'Et atque optio ea aut. Ut omnis omnis asperiores ducimus officia. Aliquam tempora neque eum autem blanditiis. Odio molestias iusto impedit optio numquam totam. Illum impedit id eum et. Voluptatem non quia in aut accusamus natus harum. Voluptas soluta sit earum tempora qui. Voluptatem et autem natus voluptas asperiores. Vel ea ea facilis qui. Aliquam libero aliquam et et voluptatum laborum. Id est voluptate placeat est quo.', 'DRAFT', 'https://lorempixel.com/1200/400/?88710', '2019-08-07 21:52:19', '2019-08-07 21:52:19'),
(78, 6, 9, 'Ducimus culpa voluptatem sit sint.', 'ducimus-culpa-voluptatem-sit-sint', 'Nemo eos necessitatibus veritatis rerum natus. Ullam omnis rerum provident animi expedita autem. Velit rem itaque in eos et libero. Et quae dolore quo ut.', 'Aperiam aperiam omnis in consequatur. Ex et perferendis non error temporibus omnis. Nostrum consequatur eaque debitis veniam tempore dolorum quasi. Consectetur provident eligendi odio ut. Exercitationem ab animi incidunt itaque dolorem reprehenderit. Omnis omnis ut harum sapiente quae. Ab est adipisci aliquam dicta. Quae iure dolor ut iusto excepturi.', 'DRAFT', 'https://lorempixel.com/1200/400/?22596', '2019-08-07 21:52:19', '2019-08-07 21:52:19'),
(79, 9, 16, 'Tempore doloribus est id consequatur quia.', 'tempore-doloribus-est-id-consequatur-quia', 'Aut in quam ab nemo soluta. Quibusdam est aliquam eaque aut corrupti. Et repellat quia alias quod dolore. Quia ut fugit eius. In accusamus veritatis et fuga. Sed cupiditate aut dolorem ut et.', 'Ad repellat et quos voluptate unde aut. Et nobis et suscipit pariatur. Necessitatibus sed voluptatem architecto et aliquid odio. Sit maiores dolores et tempore numquam sequi quo. Facere maiores quia assumenda a esse illo. Et tenetur molestiae sint. Est quos et ut vel nobis. Repudiandae sint occaecati suscipit. Magni in est exercitationem aspernatur perferendis quam odit. In aliquam praesentium voluptatum vitae rerum nam id. Sed blanditiis aut possimus occaecati facilis ab quis.', 'DRAFT', 'https://lorempixel.com/1200/400/?91609', '2019-08-07 21:52:19', '2019-08-07 21:52:19'),
(80, 14, 16, 'Omnis totam aliquam eos mollitia veritatis.', 'omnis-totam-aliquam-eos-mollitia-veritatis', 'Sit ab a maiores. Sit voluptatem tempora qui quae saepe. Ratione et qui id soluta. Labore repellat debitis accusamus ut unde quasi.', 'Porro facilis quia assumenda quis laborum reiciendis dignissimos. Nihil omnis aut quia ad molestiae rerum soluta dolore. Magni dicta rerum nihil minus. Ut deserunt et est. Rerum dignissimos corrupti sed amet velit exercitationem nihil. Aspernatur dignissimos ratione molestiae alias eos harum nisi. Esse quos excepturi qui totam dolore sapiente accusamus. Molestiae sunt aliquam quia vitae omnis amet. Laudantium doloremque soluta aut eius et nihil ad.', 'DRAFT', 'https://lorempixel.com/1200/400/?84236', '2019-08-07 21:52:19', '2019-08-07 21:52:19'),
(81, 4, 3, 'Autem laboriosam tempore delectus deserunt.', 'autem-laboriosam-tempore-delectus-deserunt', 'Ut ullam molestias ut maiores nisi cupiditate eos. Voluptates voluptatem dolorum facilis eos ipsa officiis autem similique. Sed maiores et est asperiores soluta atque eligendi aliquid.', 'Praesentium amet ratione quos fugiat iure quos est. Quasi distinctio amet tenetur ut aperiam. Exercitationem voluptate autem est ipsa qui id porro. Et fugiat autem laudantium esse hic. Ratione commodi enim qui illum ut quasi et. Magnam facilis voluptatem aut cum ut aliquam sed. Eaque cupiditate et et est nesciunt. Asperiores at mollitia ad sed cupiditate voluptatum odio. Soluta autem perspiciatis molestiae at neque omnis. Aut quia nobis velit consequatur at ullam vero expedita.', 'PUBLISHED', 'https://lorempixel.com/1200/400/?88373', '2019-08-07 21:52:19', '2019-08-07 21:52:19'),
(82, 5, 9, 'Vel aspernatur placeat.', 'vel-aspernatur-placeat', 'Ipsa ut sunt totam libero ut totam sed. Perferendis iure dolorem sint hic aliquam voluptatem quam. Est totam qui adipisci dolor aut quos. Ullam est quis eveniet ut.', 'Aut natus rerum sed perferendis. Adipisci magni sunt quis sed ut. Quibusdam inventore veniam quibusdam id. Placeat aliquid voluptatem in officia aperiam. Ipsum et reprehenderit dolore et ut. Similique quaerat et reiciendis neque quia excepturi ipsum tempora. Nam placeat earum nemo id. Natus occaecati blanditiis fugiat aliquam earum ut impedit. Eum similique nemo placeat. Et voluptas et nostrum ullam culpa assumenda optio. Voluptate fugit voluptas in ipsam ut.', 'DRAFT', 'https://lorempixel.com/1200/400/?51748', '2019-08-07 21:52:19', '2019-08-07 21:52:19'),
(83, 21, 7, 'Totam eos blanditiis eos minus.', 'totam-eos-blanditiis-eos-minus', 'Sit et sapiente alias eaque a facere quod. Natus voluptatem est cupiditate temporibus ipsam perferendis adipisci. Harum animi porro voluptas nisi reprehenderit quia.', 'Iusto quia fugiat in debitis a corrupti ut et. Dignissimos fugit est quo autem. Ut numquam voluptatibus est numquam. Qui aut aut voluptas inventore consequatur inventore. Dolor molestiae libero accusantium tempora deleniti placeat. Id beatae adipisci quia est dolore et explicabo. Impedit ut mollitia amet saepe. Sed ut voluptatum neque sed. Enim unde mollitia aliquam debitis consequuntur reiciendis consequatur.', 'DRAFT', 'https://lorempixel.com/1200/400/?71703', '2019-08-07 21:52:19', '2019-08-07 21:52:19'),
(84, 26, 1, 'Et expedita non quia.', 'et-expedita-non-quia', 'Reiciendis earum quis et alias ea. Est assumenda quidem odio amet. Numquam in possimus omnis.', 'Qui rerum atque praesentium ut id nostrum at. Molestias nesciunt beatae aut magnam animi dolor nemo. Occaecati voluptatem non eveniet non ratione quos. Unde reprehenderit explicabo voluptas voluptatum rerum delectus sint voluptatem. Magnam sed aspernatur sit impedit. Harum optio tempora aspernatur necessitatibus animi. Nihil voluptas sit aut unde distinctio. Nisi sit dolor deleniti architecto qui autem et.', 'PUBLISHED', 'https://lorempixel.com/1200/400/?27291', '2019-08-07 21:52:19', '2019-08-07 21:52:19'),
(85, 19, 14, 'Non omnis fugit dicta accusantium ipsum.', 'non-omnis-fugit-dicta-accusantium-ipsum', 'Vel dolorem et in sed reiciendis sequi rerum. Sit quisquam nesciunt unde. Voluptatibus sapiente cupiditate repudiandae odit et reprehenderit.', 'Sit autem quidem voluptas. Eius debitis dignissimos qui. A totam corrupti pariatur molestias sed explicabo. Ut non officia et et sapiente voluptatem dolorem. Enim eaque aut facere sint minima. Pariatur earum facere nulla consequatur. Occaecati sint qui ut velit. Quia ut commodi quisquam. Velit expedita blanditiis recusandae quo natus maiores. Sint alias earum dolorem debitis quo. Optio quod iste minima et quas et magnam.', 'DRAFT', 'https://lorempixel.com/1200/400/?53905', '2019-08-07 21:52:19', '2019-08-07 21:52:19'),
(86, 27, 16, 'Dolor error nam cupiditate recusandae eos.', 'dolor-error-nam-cupiditate-recusandae-eos', 'Amet iste et quisquam asperiores. Eius dolorem dicta neque nam. Rerum rem molestiae quos in libero. Vel nulla deleniti facere quaerat corporis.', 'Distinctio libero excepturi sapiente quia inventore eveniet. Eius minus voluptas ullam. Vero in alias laudantium magnam quia sequi praesentium. Eveniet est asperiores aut similique. Quo velit dolore magni quos. Repellat et consequuntur aspernatur voluptas dolore sed eligendi. Fuga accusamus eum rerum quisquam consectetur sunt. Et expedita sed officiis voluptatem quis expedita.', 'PUBLISHED', 'https://lorempixel.com/1200/400/?48413', '2019-08-07 21:52:19', '2019-08-07 21:52:19'),
(87, 18, 15, 'Dolorem ut excepturi consequuntur.', 'dolorem-ut-excepturi-consequuntur', 'Molestiae soluta reiciendis quia id et. Commodi reiciendis omnis sint vitae. Quia aut quidem vero quos omnis optio accusantium.', 'Dicta eum non itaque expedita. Deleniti vel praesentium et quis. Et vel inventore rerum. Recusandae qui sit in quo quis asperiores corporis dolorum. Corrupti nihil voluptatem tenetur enim cum maxime unde. Est et est eum et voluptates ea beatae. Eos eaque rerum quasi. Molestiae omnis voluptatum a quia nesciunt quia. Omnis est omnis quod ea eveniet adipisci aliquam. Doloribus quae at magnam a facere voluptatem.', 'DRAFT', 'https://lorempixel.com/1200/400/?18889', '2019-08-07 21:52:19', '2019-08-07 21:52:19'),
(88, 16, 18, 'Quibusdam quae molestiae et.', 'quibusdam-quae-molestiae-et', 'Et odit voluptate qui fugit. Accusamus numquam porro suscipit sed dicta totam itaque sed.', 'Aut laborum qui veritatis id. Saepe et odio quaerat ipsam rerum. Placeat veritatis non quo dignissimos illum neque. Id maiores officia doloribus in nostrum. Distinctio ut magni quia velit ut odio. A saepe rerum et quia. Earum eos numquam optio dicta sapiente. Numquam animi doloribus nesciunt ab qui itaque dolorum modi. Rerum distinctio sed repellendus mollitia sint neque enim. Sapiente quisquam eos accusamus.', 'PUBLISHED', 'https://lorempixel.com/1200/400/?35148', '2019-08-07 21:52:20', '2019-08-07 21:52:20'),
(89, 29, 16, 'Voluptatibus impedit sint laborum.', 'voluptatibus-impedit-sint-laborum', 'Commodi magnam fugit iusto nulla sed. Non blanditiis dicta facere atque consequuntur vel quibusdam facere. Enim sit unde repellendus rerum earum.', 'Non rem aperiam ipsa quidem perferendis et voluptatem. Tempore iste quia repellat sint fugiat fugiat ipsum. Blanditiis dignissimos ad aliquid facere. Ad non sunt eius debitis repellat nemo ad. Velit dignissimos sit illum fugiat. Sint et et ut ut. Omnis ea nam aspernatur ut et. Modi voluptate quia rerum qui impedit. Qui quae ad sit reprehenderit. Saepe consequatur ratione quasi. Laborum aspernatur corrupti unde.', 'DRAFT', 'https://lorempixel.com/1200/400/?10431', '2019-08-07 21:52:20', '2019-08-07 21:52:20'),
(90, 24, 15, 'Consequuntur at sed ab veniam quisquam.', 'consequuntur-at-sed-ab-veniam-quisquam', 'Et ut placeat officia velit quia itaque. Sequi incidunt ut et. Quo voluptatem doloremque mollitia assumenda doloremque temporibus. Delectus accusantium neque qui ut neque quos.', 'Animi minus accusamus reiciendis nemo consequatur totam. Est et est possimus ut aut omnis facilis. Fugiat et consectetur ut et doloremque non consequatur. Facere fugit voluptatem excepturi culpa. Quia omnis est rerum corrupti laudantium asperiores iste dignissimos. Nisi consectetur occaecati debitis quod vel. Rerum minima esse autem dolorem recusandae dicta in. Soluta quis non sapiente consequuntur et voluptate labore. Facilis inventore odit ipsa consequatur consequatur.', 'PUBLISHED', 'https://lorempixel.com/1200/400/?30714', '2019-08-07 21:52:20', '2019-08-07 21:52:20'),
(91, 15, 8, 'Et nulla qui praesentium optio dolores.', 'et-nulla-qui-praesentium-optio-dolores', 'Quos vitae ducimus nisi esse voluptatem. Sint omnis impedit laboriosam voluptas nam aut reprehenderit molestiae. Est voluptas possimus assumenda vero atque.', 'Beatae quos qui vitae voluptatem nobis sed non enim. Iste et distinctio distinctio voluptates et. Animi animi totam et amet quia. Consequatur nisi repellendus quis quaerat. Voluptatem eveniet delectus ullam aut. Laudantium quas illum omnis omnis. Velit magni excepturi cum qui aut porro voluptatem. Laborum asperiores sequi aliquid voluptatem corrupti unde. Delectus corporis sint voluptatum quae accusantium.', 'PUBLISHED', 'https://lorempixel.com/1200/400/?44014', '2019-08-07 21:52:20', '2019-08-07 21:52:20'),
(92, 24, 7, 'Sapiente aliquam qui ullam quos.', 'sapiente-aliquam-qui-ullam-quos', 'Quo deleniti aut mollitia quam in quia ea. Illo aut et quas quis exercitationem. Voluptates neque placeat qui quo officia sit.', 'Aliquid reiciendis eos iure dignissimos nisi aliquid sit. Voluptatem ut tenetur et architecto voluptatem tenetur. Ut voluptatem accusamus magni perferendis sequi. Sit ullam voluptates provident dolore non. Voluptatem labore est commodi non. Eius consequatur maxime quia ea sequi est nihil. Veniam animi aliquam totam illo. Accusamus sit id facilis optio neque sit.', 'PUBLISHED', 'https://lorempixel.com/1200/400/?14928', '2019-08-07 21:52:20', '2019-08-07 21:52:20'),
(93, 30, 2, 'Quia dolor iste et exercitationem voluptatem.', 'quia-dolor-iste-et-exercitationem-voluptatem', 'Earum sunt sint explicabo quam vel facere aut. Nesciunt et impedit numquam ratione. Qui est error accusantium repellendus deleniti aliquid. Nulla animi beatae in illo.', 'Est quasi natus dolor eum ut rerum eos. Numquam voluptas aut ipsum in voluptatibus quia. Dolore velit itaque alias possimus. Est inventore ut dolor doloribus consequatur corporis. Saepe sunt assumenda neque rem unde laudantium sit reprehenderit. Temporibus fugit aut sint enim. Voluptatem enim voluptatem esse incidunt iure esse soluta maiores. Et consequatur architecto quo exercitationem ullam.', 'PUBLISHED', 'https://lorempixel.com/1200/400/?28264', '2019-08-07 21:52:20', '2019-08-07 21:52:20'),
(94, 5, 2, 'Qui recusandae qui dicta.', 'qui-recusandae-qui-dicta', 'Hic et placeat dignissimos voluptas tenetur consequatur. Alias quasi maiores suscipit iste ut dolor dolore. Fugit nulla illum alias rem et consequatur impedit deserunt.', 'Dolorum non voluptates eveniet qui voluptas vero eum. Error et et accusamus mollitia. Similique sint aperiam perspiciatis qui. Autem molestiae est qui quos possimus commodi sunt. Et nulla nemo voluptatem facilis dolor quam. Aliquam cupiditate veritatis cumque non. Autem enim ipsam praesentium quibusdam ducimus ut harum.', 'PUBLISHED', 'https://lorempixel.com/1200/400/?49709', '2019-08-07 21:52:20', '2019-08-07 21:52:20'),
(95, 27, 2, 'Molestiae tempore dolor qui.', 'molestiae-tempore-dolor-qui', 'Molestiae fuga in in sed rem odit. Similique occaecati cupiditate sit iusto aut laboriosam qui illum. Esse corporis ad cum fugit in aliquid repellendus.', 'Adipisci dolor recusandae magnam quasi. Magni non voluptatem voluptatem. Voluptatem non voluptatem blanditiis doloribus numquam mollitia. Modi porro vitae sed aperiam repellat distinctio sed. Qui eius totam nam tenetur harum placeat beatae. Vitae sit ad id. Non ut ut doloremque dolor voluptas numquam.', 'PUBLISHED', 'https://lorempixel.com/1200/400/?39814', '2019-08-07 21:52:20', '2019-08-07 21:52:20'),
(96, 25, 1, 'Beatae provident sit quibusdam dolore.', 'beatae-provident-sit-quibusdam-dolore', 'Aliquam optio nam illo officiis non. Quaerat autem aperiam odit voluptatem. Fuga aut a facere aut omnis corrupti. Quia et ipsa ut tempora.', 'Modi dolor corrupti distinctio et esse. Sit aut repudiandae ratione eaque. Qui et nihil qui ea dicta sit. Eum totam corrupti est voluptatem adipisci eos. Facilis facilis quidem sed voluptatum in nihil consequatur. Voluptates ea et ad dolorum ipsa eos. Dolor voluptatem doloribus est nihil ex. Dolores repellat illum facere eaque rerum nulla. Eum nostrum aliquam omnis unde odio dignissimos suscipit. Incidunt est neque vel voluptatem. Deleniti ex eum voluptatem et.', 'PUBLISHED', 'https://lorempixel.com/1200/400/?26221', '2019-08-07 21:52:20', '2019-08-07 21:52:20'),
(97, 27, 4, 'Iure nam ipsa est nemo cum.', 'iure-nam-ipsa-est-nemo-cum', 'Autem dolorem perspiciatis nostrum consequuntur qui hic nulla. Quia quo numquam dolor autem. Voluptates odit blanditiis aspernatur eum illo aut repellat. Et nam qui suscipit sint assumenda.', 'Temporibus inventore explicabo doloribus dolorum est. Sit voluptatem nemo repellat. Temporibus eligendi ipsam perspiciatis explicabo quis hic. Architecto excepturi molestias sed. Omnis odit tenetur voluptatem velit mollitia dolore vitae. Et quasi non libero odio. Quia molestias ab quo velit velit. Nihil consequatur voluptas quis neque temporibus. Eveniet quos occaecati deleniti perferendis ea ut.', 'PUBLISHED', 'https://lorempixel.com/1200/400/?83125', '2019-08-07 21:52:20', '2019-08-07 21:52:20'),
(98, 9, 4, 'Laboriosam vero ut.', 'laboriosam-vero-ut', 'Autem rerum non beatae repellendus. Sit est veniam et molestiae. At iusto facilis omnis consequatur blanditiis.', 'Voluptas culpa et accusantium odio. Asperiores quo unde id reprehenderit animi repellendus. Dolores sit fugiat autem omnis assumenda itaque natus. Dolorem unde ipsa et quasi. Iste voluptatum omnis autem totam ex possimus et. Corrupti quas quia ut sed quisquam. Amet ut maiores commodi autem aut veritatis. Architecto distinctio sed soluta eaque.', 'DRAFT', 'https://lorempixel.com/1200/400/?31381', '2019-08-07 21:52:20', '2019-08-07 21:52:20'),
(99, 27, 8, 'Enim sint corporis porro sed et.', 'enim-sint-corporis-porro-sed-et', 'Aut reiciendis minus minus culpa perspiciatis. Molestiae tenetur qui tempore laudantium facere voluptas qui. Voluptas minima ipsam velit sunt.', 'Eos illum modi rerum est molestiae autem qui. Aut amet aut et itaque illo quia et quo. Illo autem omnis consectetur quos labore corporis. Ut totam iusto et sed ab. Esse dolores qui sint fugiat voluptate. Ex alias repellendus quis sit. Quod quam eum et doloribus. Quos ex facere beatae incidunt ipsum quasi. Earum facere aut cum exercitationem nemo blanditiis est officia.', 'DRAFT', 'https://lorempixel.com/1200/400/?40133', '2019-08-07 21:52:20', '2019-08-07 21:52:20'),
(100, 20, 14, 'Incidunt a iusto.', 'incidunt-a-iusto', 'Eum voluptas quia et impedit et et autem eius. Voluptatem vitae rerum repellat aut omnis cum ratione. Et commodi quis dolorem repellendus earum aut. Ipsa quia sapiente molestias quia qui quia.', 'Quis autem quo voluptatem omnis at qui facilis minima. Sint rerum ad illum voluptatem beatae qui tenetur nihil. Voluptatem delectus totam vel voluptas consequatur quo. Saepe perspiciatis facere accusantium doloribus. Aut ad impedit natus ab ut et necessitatibus. Et ex placeat rem expedita numquam saepe quo. Sunt aut sit nostrum commodi. Consequatur similique non laborum enim rerum mollitia.', 'DRAFT', 'https://lorempixel.com/1200/400/?56347', '2019-08-07 21:52:20', '2019-08-07 21:52:20'),
(101, 10, 7, 'Perspiciatis illo perspiciatis.', 'perspiciatis-illo-perspiciatis', 'Quod numquam velit reprehenderit voluptas ut distinctio dolor. Mollitia vel nemo fugit quos. Impedit quidem et nobis nisi dolor. Dolorem quo mollitia quaerat et molestias at.', 'Reiciendis et aut odio veniam nostrum rem aut omnis. Distinctio fugit sed quam autem molestiae nesciunt hic. Omnis et dolores debitis quasi omnis et. Eum laborum ea corporis aliquam esse architecto ut voluptatem. Iste enim repellendus quae. Ut impedit voluptas repudiandae praesentium occaecati similique. Quos eum qui incidunt vero blanditiis. Provident non autem ratione perspiciatis.', 'DRAFT', 'https://lorempixel.com/1200/400/?91222', '2019-08-07 21:52:20', '2019-08-07 21:52:20'),
(102, 15, 13, 'Fugit vel saepe rerum.', 'fugit-vel-saepe-rerum', 'Nobis sapiente et dolores ullam quasi omnis expedita. Aliquam amet magnam incidunt ipsum nulla maxime iure. Voluptatum consequatur et sit tempora suscipit est eum.', 'Libero doloremque omnis sequi molestiae consectetur rerum consequatur. Quis voluptatibus animi aut perferendis tenetur aut nemo dignissimos. Velit quis itaque vitae fuga. Voluptas laudantium illo dolores molestias ea. Nesciunt voluptatem nobis iusto reprehenderit similique eveniet voluptatum. Vel ratione occaecati sapiente vel inventore qui. Eos ut dolor in nulla in. Aperiam dolorum non consequatur.', 'PUBLISHED', 'https://lorempixel.com/1200/400/?21543', '2019-08-07 21:52:21', '2019-08-07 21:52:21'),
(103, 6, 1, 'Odio ex quo tempore ad provident.', 'odio-ex-quo-tempore-ad-provident', 'Repudiandae at sit sed voluptatum expedita necessitatibus commodi. Rerum soluta iure minus praesentium facilis voluptas id. Saepe consequatur est minus corporis consequatur hic.', 'Eaque nihil alias eos ut qui. Et minima distinctio ut tempore et. Magnam distinctio accusamus saepe amet. Libero quis et voluptatum neque est. Dolorem voluptatem incidunt dolores sed corrupti et enim labore. Veniam vitae nihil doloremque. Ipsum dolor et autem in et mollitia. Exercitationem et similique qui consectetur sit natus odit. Architecto vel sapiente maxime placeat dicta commodi aliquam. Rerum molestiae sint ab.', 'DRAFT', 'https://lorempixel.com/1200/400/?29785', '2019-08-07 21:52:21', '2019-08-07 21:52:21'),
(104, 20, 12, 'Sunt ad modi delectus beatae.', 'sunt-ad-modi-delectus-beatae', 'Consequuntur impedit enim nam optio. Tenetur est omnis pariatur culpa sunt itaque rem sequi.', 'Necessitatibus quia magnam sed qui accusamus. Quidem voluptatum inventore provident aut. Est harum tenetur deserunt nihil sed necessitatibus. Quis culpa sed voluptatibus magnam aliquam veritatis ut. Accusamus dolore dolor cupiditate ipsum enim reiciendis aperiam. Qui et molestias totam tempore eos et optio. Voluptas cumque eaque voluptate quas adipisci.', 'PUBLISHED', 'https://lorempixel.com/1200/400/?17661', '2019-08-07 21:52:21', '2019-08-07 21:52:21'),
(105, 13, 17, 'Perferendis quasi excepturi aliquam magnam.', 'perferendis-quasi-excepturi-aliquam-magnam', 'Dolor dolore id dolorum sed dignissimos nostrum molestias soluta. Eum voluptatem consequatur repellat nihil eos sit eum. Eius amet rerum mollitia. Debitis eaque consequuntur excepturi autem ea.', 'Tempora dignissimos in amet sunt in et excepturi. Non maxime et omnis sit ipsa et mollitia. Neque quas et commodi maxime ea. Laudantium qui id delectus dicta. Doloremque similique sit dolorem molestiae nemo neque. A dolores ullam atque quo voluptas voluptas veritatis. Est dolores omnis temporibus praesentium ut pariatur ullam voluptatum.', 'DRAFT', 'https://lorempixel.com/1200/400/?65623', '2019-08-07 21:52:21', '2019-08-07 21:52:21'),
(106, 26, 14, 'Reiciendis omnis est alias.', 'reiciendis-omnis-est-alias', 'Eum non molestiae aut voluptatem tempore. Est doloribus possimus amet sint accusamus autem. Deleniti iusto iste et est repudiandae ut. Alias dolor quaerat est expedita quia inventore voluptates.', 'Sit saepe sunt perspiciatis qui sint. Praesentium qui est eligendi et ut qui voluptatem. Eos explicabo rerum est consequuntur dignissimos adipisci dolores. Dolores ex recusandae et quia. Nulla omnis ducimus maiores quod porro. Molestiae eaque et dolorem iste numquam quis. Provident delectus maxime ad molestias. Eius quam id iste. Consequatur est quia voluptatibus quos consectetur dolorum. Enim vero velit ut. Qui aut beatae dolorem ut.', 'DRAFT', 'https://lorempixel.com/1200/400/?55469', '2019-08-07 21:52:21', '2019-08-07 21:52:21'),
(107, 5, 3, 'Rerum ea itaque dolores quidem.', 'rerum-ea-itaque-dolores-quidem', 'Aut aperiam itaque et. Veniam error rem ut earum dolor. Blanditiis voluptatem qui sed distinctio excepturi beatae rerum.', 'Aliquid quia qui nisi doloribus. Non aspernatur reiciendis odit. Adipisci temporibus nemo sint ipsum ut autem. Quos delectus natus consequuntur et repellat neque deleniti. Nam debitis ut enim sed laboriosam. Vitae eos quia quae harum. Repudiandae ipsam molestias beatae earum ut. Tempora commodi quibusdam ducimus aut eos fugiat natus. Inventore aut nostrum voluptate. Earum rerum inventore est amet exercitationem. Aliquid quos non necessitatibus.', 'PUBLISHED', 'https://lorempixel.com/1200/400/?56733', '2019-08-07 21:52:21', '2019-08-07 21:52:21'),
(108, 10, 11, 'Dolores voluptatibus non laborum consectetur.', 'dolores-voluptatibus-non-laborum-consectetur', 'Quasi consequatur et occaecati. Veritatis velit hic qui aut amet eligendi magnam. Esse eaque laboriosam soluta labore iure provident quas distinctio.', 'Sed delectus repudiandae et animi sit veniam similique. Sint non totam aliquid ut voluptas consequatur. Porro aut dolorem hic ut possimus consequatur. Expedita earum occaecati voluptatem doloribus necessitatibus. Asperiores quia beatae quis quos provident quae provident. Vel quisquam rerum omnis. Sequi ut hic perferendis. Amet voluptatem optio voluptatem officia.', 'PUBLISHED', 'https://lorempixel.com/1200/400/?97498', '2019-08-07 21:52:21', '2019-08-07 21:52:21'),
(110, 12, 8, 'Praesentium voluptatem quasi.', 'praesentium-voluptatem-quasi', 'Maiores eligendi sed animi eum placeat. Quasi accusamus qui possimus ea odio. Id aut qui quam.', 'Similique odit cumque culpa non voluptates non qui. Et sed autem ipsa quia. Sapiente libero minus et ullam eum odit cum eaque. Ut eaque sint corporis aut ad aliquid excepturi non. Laborum expedita ut earum ullam quia. Harum et tempore ut et accusantium ipsam odio. Et porro sequi quis dolorem praesentium est sed. Atque facere magni similique sint perspiciatis rerum. Et at aut sed quia voluptas doloribus.', 'DRAFT', 'https://lorempixel.com/1200/400/?26103', '2019-08-07 21:52:21', '2019-08-07 21:52:21'),
(111, 17, 12, 'Autem alias rerum nisi.', 'autem-alias-rerum-nisi', 'Quo est dolore repellat ut. Sint est quibusdam debitis est pariatur quos vel id. Assumenda rem aliquam exercitationem ut sed laudantium.', 'Ut veniam laborum cupiditate blanditiis et architecto. Dolore amet cupiditate veniam neque aliquam qui. Distinctio minima dolorem beatae tempore qui dolor accusantium. Quo sint facere rerum in quia. Minus rerum laboriosam eveniet quia repellat dolor. Eum nulla earum non eius nisi occaecati dicta aperiam. Et asperiores officiis harum quasi ad nulla.', 'PUBLISHED', 'https://lorempixel.com/1200/400/?16346', '2019-08-07 21:52:21', '2019-08-07 21:52:21'),
(112, 27, 8, 'Itaque aspernatur pariatur vitae est.', 'itaque-aspernatur-pariatur-vitae-est', 'Quia dolores debitis quasi tempore voluptatum quia. Qui iure reprehenderit et dolor ullam accusantium tempora. Eveniet dolor officia et.', 'Itaque error vel velit suscipit sunt et enim. Aspernatur necessitatibus fugiat est voluptates iure. Qui esse nihil qui necessitatibus consequatur sunt soluta maiores. Expedita magni quo culpa totam. Consectetur pariatur odio ut qui facere veniam dolorem qui. Dolor voluptas sed fuga quod maxime molestias dolorem eligendi. Perspiciatis vitae error praesentium ipsa ullam.', 'PUBLISHED', 'https://lorempixel.com/1200/400/?28534', '2019-08-07 21:52:21', '2019-08-07 21:52:21'),
(113, 5, 15, 'Itaque et suscipit saepe.', 'itaque-et-suscipit-saepe', 'Consequuntur occaecati repellendus ipsam ea. Aliquid sit tempore minima atque. Odit non nostrum laborum non doloribus consectetur a. Dolor eum accusamus ex exercitationem amet.', 'Quam et voluptatem modi impedit. Quia laborum accusamus alias aspernatur animi qui dolor iste. Voluptate et molestiae quos aspernatur iusto sed. Ipsa quod rerum reprehenderit quia. Velit alias sit esse. Eos aliquam sapiente aliquid culpa ut. Voluptatem labore et consequatur reprehenderit ea laboriosam voluptatibus. Quidem ducimus iste harum corporis tenetur incidunt. Molestiae repudiandae sit eius.', 'PUBLISHED', 'https://lorempixel.com/1200/400/?71339', '2019-08-07 21:52:21', '2019-08-07 21:52:21'),
(114, 13, 7, 'Ex consequatur id nostrum qui.', 'ex-consequatur-id-nostrum-qui', 'Voluptatibus perspiciatis tempora esse eligendi voluptate rerum. Iure qui aliquid natus quia. Nam quaerat dolores quo quos voluptas. Qui vero vel et beatae unde quia.', 'Perspiciatis molestias consequatur eum quo dolores et. Optio sint et aperiam ea enim ipsum voluptatem. Sit aperiam suscipit et occaecati tempore quidem amet. Inventore repudiandae eum hic et voluptas quaerat. Similique fugit nihil enim eius ut eum eum. A molestias iure dolor totam ab sunt repellat aut. Aspernatur non qui et laborum.', 'PUBLISHED', 'https://lorempixel.com/1200/400/?91152', '2019-08-07 21:52:21', '2019-08-07 21:52:21'),
(115, 15, 11, 'Accusantium quod reprehenderit.', 'accusantium-quod-reprehenderit', 'Quas nam velit iste laudantium debitis. Ipsam aut fugiat porro facilis. Beatae ipsum maxime ut ut dolore vero repellat. Accusantium eaque harum quisquam non veniam.', 'Eveniet dolor aspernatur sit inventore fugit velit. Et culpa architecto mollitia at eos facilis ut eum. Vel quis et voluptate minima ratione molestiae eum. Ea iusto debitis maxime consectetur voluptate voluptatibus nostrum excepturi. Aliquid itaque doloremque tempore. Et dolores porro sapiente quidem. Rerum consequatur debitis quaerat veniam non. Id qui sunt amet ut. Voluptate aperiam sed quisquam vel minus.', 'PUBLISHED', 'https://lorempixel.com/1200/400/?79153', '2019-08-07 21:52:21', '2019-08-07 21:52:21'),
(116, 17, 4, 'Ea sequi nulla qui.', 'ea-sequi-nulla-qui', 'Mollitia itaque ipsam voluptatem magni nam et ipsum. Necessitatibus libero quis est. Tenetur ut id sit molestias quibusdam asperiores. Quia aperiam et tempora non.', 'Impedit quae accusamus odio sequi aut consequatur ut. Repudiandae nostrum unde cum illo ex. Rerum voluptatem ut iusto porro esse. Similique in inventore et illum. Quo sint ipsum dolores. Suscipit sunt aperiam beatae voluptatem non est deleniti. Eum facilis ut aut ut. Iusto ut in voluptas inventore. Qui voluptas hic officia sequi nihil ullam non iure.', 'PUBLISHED', 'https://lorempixel.com/1200/400/?35495', '2019-08-07 21:52:21', '2019-08-07 21:52:21'),
(117, 4, 17, 'Vitae voluptatibus ducimus fugit voluptatum.', 'vitae-voluptatibus-ducimus-fugit-voluptatum', 'Sapiente omnis omnis quos dolore dolore sit eligendi nobis. Alias sed sint optio possimus blanditiis.', 'Odio similique eum voluptatibus autem et ex. Vero a at odio repudiandae reiciendis enim. Nihil aut quia aut illum maiores necessitatibus et. Odit id ipsam veritatis voluptas at debitis nostrum. Odit sunt in sint accusamus assumenda eaque. Qui omnis dolores aut exercitationem optio quam consequuntur. Molestias sint est ipsa id non numquam et adipisci. Eos velit velit et et possimus.', 'PUBLISHED', 'https://lorempixel.com/1200/400/?29169', '2019-08-07 21:52:21', '2019-08-07 21:52:21'),
(118, 25, 15, 'Quas est consequatur quia.', 'quas-est-consequatur-quia', 'Et dolores dolores tempore in aperiam. Hic sit asperiores est esse consequatur omnis perspiciatis voluptatem. Consequatur et tempora eum nesciunt corporis officia. Qui voluptas nulla dolores nemo.', 'Expedita tenetur aut optio est nemo. Alias voluptatem deleniti voluptatum in. Rerum consequuntur quibusdam magni non rerum dolorem. Ut eos perferendis quibusdam consequatur ut aliquam dolore. Laudantium est sit ut tempora placeat. Temporibus maxime velit tenetur aliquam vero. Quisquam esse ea quis commodi beatae quia. Possimus porro aut accusamus aspernatur. Repudiandae in iusto consequatur facilis enim mollitia aut.', 'DRAFT', 'https://lorempixel.com/1200/400/?50473', '2019-08-07 21:52:21', '2019-08-07 21:52:21'),
(119, 27, 7, 'Vel consequatur quia temporibus itaque labore.', 'vel-consequatur-quia-temporibus-itaque-labore', 'Temporibus sit accusantium provident quae tenetur aspernatur dolor. Tenetur nulla et qui perspiciatis ut.', 'Aliquam odit id aliquam qui repellat animi. Debitis deleniti numquam sunt quae esse. Sunt id modi architecto. Dicta enim consequatur sequi nam nihil. Cupiditate modi neque dolores est enim ducimus et. Blanditiis vero et assumenda est ipsum amet. Architecto repudiandae quis similique esse qui. Voluptatem sint error sequi et et labore laboriosam.', 'PUBLISHED', 'https://lorempixel.com/1200/400/?42248', '2019-08-07 21:52:22', '2019-08-07 21:52:22'),
(120, 16, 6, 'Nesciunt atque quasi.', 'nesciunt-atque-quasi', 'Hic et velit et numquam fuga. Maxime non quae porro velit quis ut adipisci. Soluta culpa alias sapiente porro voluptatem temporibus. Omnis et explicabo aut eveniet.', 'Eveniet eum sit repudiandae et ipsum eaque est est. Repudiandae consequuntur reprehenderit dolorem. Est fugit sint qui non laborum debitis. Et et enim accusamus numquam beatae vel magni officia. Unde mollitia ratione enim nostrum aut quo animi. Ducimus dolorem qui est accusamus. Accusamus est id et maiores id ex. Quaerat illum at velit mollitia. Sapiente mollitia ut sint voluptatem. Voluptatibus voluptate quod aut nisi adipisci quae.', 'DRAFT', 'https://lorempixel.com/1200/400/?50658', '2019-08-07 21:52:22', '2019-08-07 21:52:22'),
(121, 24, 9, 'Cupiditate aliquid nobis maiores.', 'cupiditate-aliquid-nobis-maiores', 'Soluta fuga quia quo nam eos. Sit dolorem autem officia ducimus soluta consectetur necessitatibus. Voluptatem molestias delectus cum et et officia similique. Cupiditate facilis debitis et.', 'Aut in non ducimus. Nostrum dolores soluta aut fuga id esse. Et ratione nam non impedit aliquid. Non dolores atque non molestiae in error quia et. Ut eos et omnis autem nobis cum. Esse tempora fugiat voluptatum voluptatem illum aut corrupti distinctio. Asperiores consequuntur nemo nisi. Ut nisi impedit eum consequatur maiores aut eveniet. Recusandae quisquam sit voluptatibus aperiam eius. Explicabo dolorem dolorem temporibus modi est. Libero consequatur voluptatem eaque ad.', 'PUBLISHED', 'https://lorempixel.com/1200/400/?29836', '2019-08-07 21:52:22', '2019-08-07 21:52:22'),
(122, 25, 8, 'Ex nobis omnis in consectetur aut.', 'ex-nobis-omnis-in-consectetur-aut', 'Et labore ex aut repellat. Est maiores est nobis incidunt debitis. Ut est iste necessitatibus et totam et hic.', 'Totam culpa omnis porro quas vel eius. Libero dignissimos odit eum aut est accusantium reprehenderit. Atque ut qui rerum nam quia quo illo suscipit. Vel id culpa accusamus et animi doloribus. In unde dolore labore rerum. Iste aut eum consequatur. Rerum qui qui cupiditate quas amet. Expedita doloribus necessitatibus ut et consectetur pariatur necessitatibus.', 'PUBLISHED', 'https://lorempixel.com/1200/400/?51702', '2019-08-07 21:52:22', '2019-08-07 21:52:22'),
(123, 21, 6, 'Quisquam incidunt qui.', 'quisquam-incidunt-qui', 'Amet ullam consequatur fugit libero vero quasi. Voluptatum quibusdam quam repudiandae nemo dolores nihil mollitia. Et velit omnis nam sed et est quidem.', 'Aliquid beatae harum corrupti assumenda omnis temporibus et aut. Qui consequatur qui maxime modi. Debitis maxime sunt aperiam eveniet ea vel eius. Et itaque cupiditate eum. Aut eum fuga dolor sed natus aut. Rem non iusto dolorum sunt voluptatem itaque officia. Quasi adipisci est iste aliquid placeat aut repellendus quam. Aut magnam et cupiditate placeat dolor repellat iste. Assumenda dolor qui vel recusandae expedita debitis. Aut sit et sed in nihil minus.', 'PUBLISHED', 'https://lorempixel.com/1200/400/?61603', '2019-08-07 21:52:22', '2019-08-07 21:52:22'),
(124, 4, 7, 'Deleniti architecto consectetur officia.', 'deleniti-architecto-consectetur-officia', 'Sequi id inventore et iste. Officiis a eos laborum exercitationem sit eius. Inventore voluptatem sunt pariatur eaque. Laudantium nesciunt et animi expedita molestiae rem nobis.', 'Eum sunt facere illo explicabo rem non. Quia cupiditate sit tenetur ut. Cumque voluptas quam omnis. Nostrum tenetur animi voluptas maxime optio adipisci. Voluptas tempora rerum non maxime. Nisi sit magnam nulla dolorem. Et illo assumenda iste accusamus deserunt placeat. Quo omnis numquam et labore iure iusto. Voluptatum minus sunt et aspernatur aliquam ex ipsam. Corporis aut nisi ab ipsam ab. Voluptatibus consequatur sint quae voluptatem qui et eum. Deleniti vero magni sunt magni non.', 'DRAFT', 'https://lorempixel.com/1200/400/?84388', '2019-08-07 21:52:22', '2019-08-07 21:52:22'),
(125, 1, 6, 'Repellendus dolores cum asperiores omnis blanditiis.', 'repellendus-dolores-cum-asperiores-omnis-blanditiis', 'Libero cupiditate eos reprehenderit eius quasi fugiat. Eos dignissimos ex soluta repellat libero ut. At ipsam sit quis et ut. Quia amet tenetur consectetur dicta. Velit qui quidem officiis.', 'Sunt id voluptas necessitatibus aut nulla eum. Quae ea assumenda maiores commodi nisi atque numquam. Excepturi nihil illo ratione iure aspernatur rerum cum. Voluptatem vitae voluptas inventore libero quasi. Dolorem dolores maiores quos eos dolores perferendis magni. Qui excepturi quia placeat debitis. Ut voluptatem architecto iste similique. Eius perspiciatis totam corrupti officia. Provident dolorem error sint eum eaque magni.', 'PUBLISHED', 'https://lorempixel.com/1200/400/?41079', '2019-08-07 21:52:22', '2019-08-07 21:52:22'),
(126, 17, 14, 'Doloremque et sed perspiciatis velit.', 'doloremque-et-sed-perspiciatis-velit', 'Est aut natus alias id rem. Alias eum voluptatem tenetur porro ut et delectus.', 'Sunt accusamus et quos fuga harum consequatur. Consequuntur eius et enim ducimus. Praesentium ut assumenda sint deleniti distinctio nihil itaque. Aut eaque qui error quo quam fugiat. Sint itaque ut iusto sit laborum tenetur. Saepe totam occaecati minus esse veritatis qui explicabo. Ullam expedita omnis nemo eveniet enim quidem aliquid. Sequi velit eligendi officiis ut enim.', 'PUBLISHED', 'https://lorempixel.com/1200/400/?91167', '2019-08-07 21:52:22', '2019-08-07 21:52:22'),
(127, 9, 4, 'Et ut earum iste mollitia.', 'et-ut-earum-iste-mollitia', 'Veritatis voluptatem dicta et quia vero ullam esse. Omnis ea dolorem rerum temporibus sit voluptates eum. Omnis unde error aperiam itaque voluptatem deserunt.', 'Veniam sunt sed consequatur repellat laboriosam incidunt. Voluptas sunt et illum animi. Debitis voluptatum enim id alias ut rem. Neque rerum atque suscipit laborum debitis aperiam velit. Eveniet quasi reiciendis numquam doloribus tenetur quia facilis magni. Delectus deleniti ea voluptas autem eligendi. Natus odio eaque sapiente dolorem odit ut repudiandae. Aut repellat qui quisquam laboriosam hic tempora laudantium.', 'DRAFT', 'https://lorempixel.com/1200/400/?50285', '2019-08-07 21:52:22', '2019-08-07 21:52:22'),
(128, 15, 2, 'Maiores voluptatibus ullam doloribus.', 'maiores-voluptatibus-ullam-doloribus', 'Sint minima reiciendis pariatur veniam nulla magnam laboriosam. Rerum rerum sint sint accusantium. Rerum est est labore non nobis et ad maxime.', 'Molestiae consequatur perspiciatis qui blanditiis sapiente voluptatibus et dignissimos. Aut et fuga suscipit. Quae incidunt omnis nesciunt. Nihil totam delectus et qui ut. Itaque et optio at provident numquam. Voluptate doloremque ut qui nam ut dolor repudiandae. Voluptatibus est nesciunt odit nihil accusantium accusantium. Et cupiditate animi reiciendis sunt perspiciatis dolor.', 'PUBLISHED', 'https://lorempixel.com/1200/400/?76995', '2019-08-07 21:52:22', '2019-08-07 21:52:22'),
(131, 24, 7, 'Delectus numquam qui voluptatibus et.', 'delectus-numquam-qui-voluptatibus-et', 'Est hic itaque vero enim. Expedita odit velit inventore fugiat pariatur quidem. Quidem quo ullam et.', 'Tenetur nobis iste voluptates corporis non laboriosam mollitia. Officia repellendus commodi quidem sunt voluptatum in. Est ut commodi ad dolorum ad. Explicabo doloribus nesciunt numquam ipsum soluta. Laborum eum labore sed temporibus voluptatibus. Ea cum qui soluta quia modi. Tempore dolorem veniam est non. Voluptas aut voluptate esse consequatur nam. Nemo aut quisquam nihil tenetur et ab et. Eos assumenda autem sed mollitia magni culpa.', 'DRAFT', 'https://lorempixel.com/1200/400/?98981', '2019-08-07 21:52:22', '2019-08-07 21:52:22'),
(133, 16, 18, 'Rerum eum magnam qui.', 'rerum-eum-magnam-qui', 'Praesentium minima illo numquam nisi. Necessitatibus placeat et ipsam ea quo. Ex temporibus ut molestias. Quis perspiciatis quia est vel magnam non. Aliquam alias est magni nam.', 'Necessitatibus nobis officiis quasi odit aspernatur. Rerum saepe nam ipsam accusantium ipsum vitae totam. Ut quis eius aspernatur magni. Repellendus eveniet veniam corporis tempora voluptatem ipsam enim. Aut nulla occaecati dolorem porro ipsam. Amet vero delectus sunt laudantium esse. Consequatur et totam dolorem hic. A hic laudantium aperiam vero minus qui eveniet.', 'PUBLISHED', 'https://lorempixel.com/1200/400/?73304', '2019-08-07 21:52:22', '2019-08-07 21:52:22'),
(134, 1, 14, 'Ut non ex nam.', 'ut-non-ex-nam', 'Quas sit et et corrupti quis dolorum ab. Beatae pariatur incidunt omnis. Hic quo dolor beatae earum sapiente et rerum qui.', 'Ad illo sed placeat odio neque voluptatem aut. Qui velit et pariatur. Facilis maxime sint laborum delectus sunt culpa. Accusantium voluptatem placeat id id suscipit perferendis porro. Natus optio ipsam sed repellendus sunt. Qui nobis molestiae error at. Nihil delectus consequatur ipsum totam possimus voluptatem quo. Quam deleniti eligendi optio nulla et. Aut quaerat quia ea quis eum aut. Quod quis maiores quis alias impedit esse explicabo.', 'PUBLISHED', 'https://lorempixel.com/1200/400/?24298', '2019-08-07 21:52:22', '2019-08-07 21:52:22'),
(135, 9, 10, 'Placeat corporis ex minima.', 'placeat-corporis-ex-minima', 'Optio est deserunt deserunt voluptatem. Quia omnis neque rerum aperiam velit ut deleniti. Eaque ut non cumque et ipsam incidunt.', 'Cumque nihil quis excepturi rerum adipisci. Nihil a distinctio voluptates iste. Similique eveniet qui iste et temporibus quasi minima. Qui animi ut maxime qui a ullam. Qui est et reiciendis quia. Necessitatibus quidem incidunt animi. Totam libero error fugit assumenda dolorem quos. Veniam expedita ea quidem distinctio quos. Porro quis dolorem eligendi itaque itaque. Natus corrupti numquam repellendus ut soluta.', 'DRAFT', 'https://lorempixel.com/1200/400/?89024', '2019-08-07 21:52:23', '2019-08-07 21:52:23'),
(136, 30, 8, 'Delectus esse explicabo minus tempore.', 'delectus-esse-explicabo-minus-tempore', 'Aperiam ullam nam saepe aliquam. Earum sapiente facilis facere occaecati. Et et tenetur at quas sed magni.', 'Ut ut est est eaque. Itaque eius at laborum quod. Quis possimus eaque suscipit voluptatem eos. Aut eaque accusamus officia repellendus dolores nemo ut sed. Quo voluptas et voluptatem nostrum. Tempore rerum iure sit illo. Non perferendis voluptates nihil voluptas sint qui labore. Autem hic aperiam molestiae nam sunt adipisci consectetur.', 'PUBLISHED', 'https://lorempixel.com/1200/400/?56097', '2019-08-07 21:52:23', '2019-08-07 21:52:23'),
(137, 6, 16, 'Quaerat qui et reiciendis.', 'quaerat-qui-et-reiciendis', 'Maiores iure corrupti aliquid quo odit aperiam. Inventore nemo magni molestiae ut est voluptatem hic odit. Ut ipsa doloremque iure. Nihil blanditiis perspiciatis et inventore voluptas.', 'Tenetur asperiores sit molestias aut harum suscipit adipisci. Quo fuga eum voluptas recusandae placeat. Ea eos enim sed aut qui. Soluta tenetur placeat quisquam eos. Sed sunt eius fugiat accusamus voluptas nihil maiores. Esse quo impedit nisi nobis ut praesentium. Impedit quisquam magnam sint. Est blanditiis dolores temporibus tempore accusamus.', 'PUBLISHED', 'https://lorempixel.com/1200/400/?28906', '2019-08-07 21:52:23', '2019-08-07 21:52:23'),
(138, 14, 8, 'Ea magni nihil est nobis eum.', 'ea-magni-nihil-est-nobis-eum', 'Aperiam nisi unde eligendi saepe. Similique nam officiis maiores. Labore saepe et rem ut voluptatem est recusandae.', 'Dolorem et molestiae quisquam nesciunt temporibus sint voluptas. Aut ipsa vero quod cupiditate laboriosam ea sed. Corporis et exercitationem quis ullam repudiandae consequuntur. Sed ut in ipsa ex cupiditate aut voluptatum. Deserunt in mollitia voluptatem molestiae dolorum velit dolorem. Est similique quis nihil impedit ipsum recusandae porro quisquam. Ab quidem eum eveniet ut quia.', 'DRAFT', 'https://lorempixel.com/1200/400/?33753', '2019-08-07 21:52:23', '2019-08-07 21:52:23'),
(139, 15, 10, 'Ipsum quisquam tenetur modi suscipit.', 'ipsum-quisquam-tenetur-modi-suscipit', 'Libero eaque quia id aut. Illo voluptatem provident dolores et facilis. Explicabo nemo nihil magni impedit est.', 'Ipsa dolores consequatur voluptatem. Praesentium consequatur et omnis eum blanditiis eum assumenda. Sapiente non placeat vel sequi quisquam. Nihil omnis ullam ab ipsa. Itaque quisquam mollitia pariatur a. Quo est odit dolor omnis incidunt. Consequatur architecto hic id dolores omnis enim. Id velit deserunt et possimus hic sed alias ducimus.', 'PUBLISHED', 'https://lorempixel.com/1200/400/?69996', '2019-08-07 21:52:23', '2019-08-07 21:52:23'),
(140, 3, 9, 'Eos atque et dolorum architecto.', 'eos-atque-et-dolorum-architecto', 'Nobis harum illo et rerum sequi. Laborum cumque nulla similique. Reiciendis saepe voluptatem repudiandae et esse. Nulla nihil sint autem sit modi numquam.', 'Rem est doloremque vitae veritatis eos tempore eligendi blanditiis. Alias similique consectetur eligendi et. Ducimus quae maiores magnam. Ut ratione impedit ullam vitae sed totam. Provident hic praesentium voluptas dolor nisi error. Velit modi sunt ipsam rem rem. Ut dolorem in eos minima sit. Qui ab corrupti quidem cupiditate. Expedita explicabo magnam voluptatem omnis culpa voluptatibus.', 'PUBLISHED', 'https://lorempixel.com/1200/400/?21941', '2019-08-07 21:52:23', '2019-08-07 21:52:23'),
(141, 22, 13, 'Id tempore nulla molestiae.', 'id-tempore-nulla-molestiae', 'Deleniti tempore sapiente non fugit odit excepturi. Rem unde et commodi dicta veritatis possimus et. In autem cupiditate odio cum a est. Quae ratione voluptas voluptas suscipit molestiae.', 'Minima voluptates et quae itaque voluptatem. Ratione culpa est officiis quos. Quos voluptatum dolores atque odio nisi consequatur. Vel minus quia ipsa minima harum. Explicabo accusantium sed aut non. Dolorem est voluptates rerum quo. Autem eos accusantium velit qui sit explicabo amet harum. Rerum saepe magni eaque sequi quia modi. Minus sapiente similique dolorum. Vel corrupti hic dicta eos rem iure. Illo ipsam praesentium aut provident dignissimos.', 'DRAFT', 'https://lorempixel.com/1200/400/?95040', '2019-08-07 21:52:23', '2019-08-07 21:52:23'),
(142, 1, 13, 'Debitis debitis ea dolore laboriosam ea.', 'debitis-debitis-ea-dolore-laboriosam-ea', 'Ex et sequi nobis inventore. Consequatur quae ex at omnis veritatis est. Laborum ducimus corrupti consectetur. Dolorum ipsum minima molestiae unde beatae.', 'Iste sunt ut autem animi. Ut rerum cumque quia rem ut asperiores commodi. Adipisci dolore quos praesentium vero asperiores nobis et. Fuga expedita quaerat sint corporis. Vel assumenda beatae voluptatem vitae quo quidem aut. Qui et alias saepe. In consectetur non dolores ea voluptas. Itaque facilis autem aspernatur fugit sunt voluptatum. Amet minus harum et fugiat omnis.', 'DRAFT', 'https://lorempixel.com/1200/400/?91439', '2019-08-07 21:52:23', '2019-08-07 21:52:23'),
(144, 27, 15, 'Consequatur et ratione iure.', 'consequatur-et-ratione-iure', 'Est deleniti qui ut cum rerum earum at necessitatibus. Est et velit veritatis molestiae dolor dolorum fugit repellat. Voluptates ut esse sed a asperiores.', 'Rerum aut quia voluptates delectus et repellendus. Ea quia quaerat accusantium inventore. Omnis in hic ea. Eos quam dicta expedita impedit aspernatur quaerat. Laborum harum quia placeat reprehenderit expedita sunt. Nihil quia a debitis nisi amet corporis. Quod temporibus qui maxime cum.', 'DRAFT', 'https://lorempixel.com/1200/400/?36940', '2019-08-07 21:52:23', '2019-08-07 21:52:23'),
(146, 24, 6, 'Dolor aut eaque rem.', 'dolor-aut-eaque-rem', 'Voluptatem exercitationem amet qui quo earum. Est aut sequi delectus unde. Facere rerum et rerum.', 'Sint adipisci dicta recusandae officia commodi doloremque. Quia ducimus excepturi soluta est magnam optio voluptate. Autem ut ullam aperiam dolorum necessitatibus voluptatem. Laborum eos est corporis voluptatum consequuntur odit officia. Ut qui debitis earum autem iusto est. Soluta sunt et occaecati at tenetur cumque non. Voluptatem ab dolorum rerum et omnis.', 'PUBLISHED', 'https://lorempixel.com/1200/400/?22150', '2019-08-07 21:52:23', '2019-08-07 21:52:23'),
(147, 23, 13, 'Et fuga praesentium.', 'et-fuga-praesentium', 'Delectus ducimus rerum odit quasi magni. Ex asperiores non ad nihil autem velit. Reprehenderit accusamus harum accusantium illo earum. Aspernatur dolorem distinctio rerum voluptas et.', 'Soluta voluptas quas sit laborum voluptas minus sunt. Cum non sunt et. Nemo nihil eligendi dicta similique autem porro et provident. Maxime harum nostrum qui quis itaque exercitationem. Eaque dolorum et est voluptatibus quia fugit. Beatae tempora eveniet error labore nesciunt esse et. Non modi recusandae sunt rerum. Nesciunt harum aperiam expedita molestias. Voluptate et vel et quidem voluptas quo. Minima est commodi odit eum omnis.', 'PUBLISHED', 'https://lorempixel.com/1200/400/?95154', '2019-08-07 21:52:23', '2019-08-07 21:52:23'),
(148, 2, 13, 'Architecto saepe accusamus.', 'architecto-saepe-accusamus', 'Omnis ex cum quo veritatis accusantium et. Sint architecto veritatis id distinctio. Necessitatibus quasi doloremque autem sunt.', 'Sit voluptatem sit voluptatem quis nostrum enim et iure. Omnis qui nihil est numquam et voluptatem quam est. Voluptatibus quia vero iure quidem illum et qui. A inventore consequatur ut et voluptatem nemo similique. Quas vel reiciendis sit deserunt consequatur molestiae. Perferendis sunt dolor impedit sed earum eos odio nesciunt. Voluptas officia sit harum. Excepturi voluptatem tempore neque quas quae inventore. Voluptatibus earum officiis commodi quam veniam illo.', 'DRAFT', 'https://lorempixel.com/1200/400/?66617', '2019-08-07 21:52:23', '2019-08-07 21:52:23'),
(149, 9, 10, 'Id consequatur veniam qui.', 'id-consequatur-veniam-qui', 'Itaque et rerum qui dicta labore et non. Est ipsam provident non culpa enim perspiciatis. Minus ea qui cupiditate quia odit non nesciunt.', 'Ipsa quod tempore impedit adipisci dolorem quos eos. Doloremque non beatae non aut doloribus. Placeat dolore qui ipsam blanditiis sed veniam. Voluptate ut saepe sed earum inventore. Sapiente minus aut qui vero. Alias aut quis in. Nam possimus dolore cumque adipisci id quia. Quis dolor atque at in corrupti dolor voluptates deserunt. Possimus nam repellendus ea molestias. Et in quia rerum vitae. Et omnis nulla qui qui deleniti aut. Dolore est cupiditate voluptatem.', 'PUBLISHED', 'https://lorempixel.com/1200/400/?81816', '2019-08-07 21:52:23', '2019-08-07 21:52:23');
INSERT INTO `posts` (`id`, `user_id`, `category_id`, `name`, `slug`, `excerpt`, `body`, `status`, `file`, `created_at`, `updated_at`) VALUES
(150, 2, 3, 'Consequuntur cupiditate est fuga.', 'consequuntur-cupiditate-est-fuga', 'Ut et omnis est qui totam aut itaque. Omnis ad eveniet non quia quod et minus. Minima incidunt id veritatis pariatur non amet. Voluptatum nesciunt dolor qui. Et veniam deserunt id qui quod.', 'Quae debitis eligendi et ut. A cupiditate ea non dolore ullam commodi hic. Nulla dolorum facere magni dicta atque possimus sapiente minima. Illo aut doloremque neque dolorum veritatis et. Fugit sit quia facere quos tenetur tempore. Eos maiores facere dolorum et. Soluta unde rem iure facere. Doloribus molestias quo qui eius.', 'DRAFT', 'https://lorempixel.com/1200/400/?60809', '2019-08-07 21:52:23', '2019-08-07 21:52:23'),
(151, 5, 12, 'Quo est autem quisquam nesciunt.', 'quo-est-autem-quisquam-nesciunt', 'Minima unde ut non. Veniam accusantium sit ex perferendis rerum in. Sed molestias eos voluptates voluptatibus. Quasi quod quis consequatur ut et consequatur reprehenderit et.', 'Qui ipsa quasi tempore illo. Et quos ipsum rem provident sapiente voluptatibus itaque sed. Voluptas accusantium totam dolores eveniet autem quam quis. Velit ut tempore sequi libero quis expedita est. Molestiae id consequatur facilis sapiente rerum praesentium dolorum blanditiis. Quod corporis voluptas vel consectetur cum nobis nihil. Exercitationem quia mollitia ea.', 'PUBLISHED', 'https://lorempixel.com/1200/400/?93614', '2019-08-07 21:52:23', '2019-08-07 21:52:23'),
(152, 18, 7, 'Mollitia blanditiis repellat mollitia.', 'mollitia-blanditiis-repellat-mollitia', 'Unde in debitis omnis natus sed et dignissimos voluptas. Culpa sunt deleniti ea beatae qui odit nisi. Hic quis omnis placeat autem.', 'Facere quis repellendus odit neque perferendis ab necessitatibus. Eos libero sed maiores a est accusantium deleniti numquam. Labore quidem vel voluptas. Consequuntur nihil neque quo laborum. Vel dolorem distinctio explicabo minus eum aut. Odit laudantium repudiandae porro et. Est architecto aut magni quo dicta possimus voluptas. Sit iusto et tenetur enim sit ut ipsam harum. Voluptatem laboriosam est repudiandae harum. Doloremque dolorem praesentium sapiente beatae ut similique minus.', 'DRAFT', 'https://lorempixel.com/1200/400/?79346', '2019-08-07 21:52:24', '2019-08-07 21:52:24'),
(153, 16, 13, 'Eius sit ut consequatur dolorum laborum.', 'eius-sit-ut-consequatur-dolorum-laborum', 'Reiciendis voluptatibus excepturi eius id impedit minima modi explicabo. Enim id architecto est consectetur eum qui dolorem. Sit voluptatem est sed numquam.', 'Nesciunt illum qui et nemo. Nemo quae et temporibus architecto et ratione. Sit voluptatum sed nihil distinctio. Maiores tempora rerum tenetur harum. Tenetur repudiandae accusamus ad est. Corporis quibusdam cupiditate architecto aut iste et optio. Similique impedit recusandae qui officia doloribus aspernatur necessitatibus aut. Vitae iure aliquam impedit quas maxime aspernatur.', 'DRAFT', 'https://lorempixel.com/1200/400/?53170', '2019-08-07 21:52:24', '2019-08-07 21:52:24'),
(154, 4, 15, 'Sit dolores ducimus.', 'sit-dolores-ducimus', 'Earum est repellendus earum voluptate sunt optio. Vel et qui exercitationem nam dicta quo. Veritatis qui repudiandae quidem quam. Aliquam qui consequatur necessitatibus.', 'Labore quisquam ut aliquid enim. Quis voluptates nam ipsam libero laborum corporis eius. Cupiditate sequi autem tempore autem doloribus ut a. Sint nihil vero qui saepe. Fugiat sit facere laudantium quia ducimus. Cum ipsam nulla eveniet excepturi et. Earum voluptatibus aspernatur nesciunt sed eum aspernatur. Eius fuga id aliquam alias voluptatibus quo eos minus.', 'DRAFT', 'https://lorempixel.com/1200/400/?35222', '2019-08-07 21:52:24', '2019-08-07 21:52:24'),
(155, 30, 11, 'Quaerat aut modi aut at vero.', 'quaerat-aut-modi-aut-at-vero', 'Dolore totam natus voluptatem facere et dolorum. Et inventore tenetur ut qui. Quas animi repellat dolor eos officiis. Optio et praesentium sunt esse est ut perspiciatis.', 'Dicta quia vero perferendis est tenetur. Ex ducimus consequuntur alias beatae est architecto. Repellat temporibus corporis tenetur velit sunt ut perspiciatis. Aut et rem neque pariatur sed. Animi aliquid consequatur soluta. At et nihil neque occaecati vero. Tempora quia sed eaque distinctio non dolore inventore explicabo. Nam nihil dolor autem ipsum eius rerum ut.', 'PUBLISHED', 'https://lorempixel.com/1200/400/?24059', '2019-08-07 21:52:24', '2019-08-07 21:52:24'),
(157, 7, 17, 'Ullam iusto dolores cupiditate.', 'ullam-iusto-dolores-cupiditate', 'Natus aut sit ut architecto perspiciatis. Accusamus fugiat ut nesciunt aut. Sit quia ipsum error quaerat quia sit nesciunt perspiciatis.', 'Dolore qui nostrum ut odio. Dolores sapiente beatae error est est. Asperiores eius est iusto sed voluptas ad exercitationem. Accusantium vitae illum autem aut. Blanditiis quos dignissimos beatae error. Dolor libero sunt accusamus numquam dicta qui explicabo dolor. Quidem dolor tempora quam et quaerat. Consequatur ipsum iure facilis ut velit id sed. Quibusdam rerum qui non et quia odit possimus. Consequatur aut hic possimus ea repellat. Distinctio molestiae dolor sit id fuga cum.', 'PUBLISHED', 'https://lorempixel.com/1200/400/?69864', '2019-08-07 21:52:24', '2019-08-07 21:52:24'),
(158, 12, 9, 'Occaecati debitis perspiciatis quo reprehenderit.', 'occaecati-debitis-perspiciatis-quo-reprehenderit', 'Ipsa est repudiandae sit molestias qui. Odio quis vero sapiente voluptas voluptatem facilis tempora. Qui et iste illum est sed. Ex est quo autem ut blanditiis dolorem.', 'Nobis et in est earum. Quia natus et culpa magni. Sapiente rerum ut pariatur nisi sequi. Aliquam eum aut non rerum qui. Sed reprehenderit officia ex possimus reprehenderit in eos. Velit doloribus laudantium rerum provident autem vitae. Et quaerat consequuntur et officia quasi quibusdam sed. Quia facilis dolore illo quaerat eum. Perferendis necessitatibus et animi distinctio ipsam. Ut sapiente quia dolor officia magnam facere perferendis. Nobis possimus officia omnis et.', 'DRAFT', 'https://lorempixel.com/1200/400/?51378', '2019-08-07 21:52:24', '2019-08-07 21:52:24'),
(159, 2, 7, 'Sit sunt delectus.', 'sit-sunt-delectus', 'Odit ut nostrum voluptatem placeat. Sit officia molestias aliquid consequatur veritatis. Eum culpa et facere neque.', 'Rerum ut repellat sit. Aliquid soluta repellendus ipsam nulla. Eligendi aut quod rem quidem repudiandae repudiandae. At aut quo id corrupti. Nam sunt nulla esse expedita consequuntur nemo porro. Sed voluptatibus dolores aliquid consectetur. Quia atque aut ratione enim voluptatem voluptatem. Modi incidunt ut blanditiis ut laudantium autem. Eligendi et nam molestias. Nihil pariatur dolores qui consequatur inventore. Commodi delectus ea repudiandae. Aut consequatur rerum est.', 'DRAFT', 'https://lorempixel.com/1200/400/?83924', '2019-08-07 21:52:24', '2019-08-07 21:52:24'),
(160, 29, 6, 'Non dolore quam quam natus.', 'non-dolore-quam-quam-natus', 'Vel voluptate placeat quos qui quae error aut ea. Eum non mollitia ratione iure. Aut sequi cumque et et tempore accusamus. Aspernatur eaque repellat amet eos dignissimos fuga.', 'Et dolor dolores quod illo velit. Eius laborum adipisci consequuntur autem beatae et et. A neque et laudantium accusamus debitis. Ex iste necessitatibus reiciendis. Eius sed placeat illum labore dolorem molestias. Et consequatur debitis quod. Consequatur porro dolores ullam molestias. Ab eaque ratione expedita quos minus.', 'PUBLISHED', 'https://lorempixel.com/1200/400/?44007', '2019-08-07 21:52:24', '2019-08-07 21:52:24'),
(161, 13, 14, 'Quibusdam rerum deserunt id ipsum.', 'quibusdam-rerum-deserunt-id-ipsum', 'Unde magni qui sed vel iure explicabo quia reiciendis. Itaque alias sint autem voluptatem. Quia unde odit nemo velit.', 'Iusto aliquid aut enim similique cum dolor. Doloremque doloremque quasi molestiae ut aut eligendi adipisci. Beatae quis voluptatem aperiam sed ad. Distinctio odit ea quis corporis quia quas dolore. Rerum voluptatem cum et optio. Minus laboriosam est ad quibusdam. Nobis voluptates impedit tempora debitis porro ea. Qui eveniet consequatur officiis vel sit assumenda. Aut aperiam occaecati id labore. Est et molestias unde explicabo perferendis accusamus dolore.', 'DRAFT', 'https://lorempixel.com/1200/400/?45030', '2019-08-07 21:52:24', '2019-08-07 21:52:24'),
(162, 8, 1, 'Maiores adipisci repellat et et.', 'maiores-adipisci-repellat-et-et', 'Consequuntur voluptatem totam dolorem aut commodi. Ea quis quo cumque sit vitae aperiam harum. Et animi et quidem laudantium ut occaecati. Fugit dolorum sint facere et.', 'Consequuntur consequatur voluptates voluptas minima iusto magni tenetur. Autem esse et pariatur consequatur illum. Placeat quo consequatur assumenda culpa alias. Sint possimus quisquam non laboriosam possimus. Enim eius velit dolores commodi aut ut et mollitia. Blanditiis minus autem nemo quos quasi. Animi aut qui tenetur vitae dolores distinctio hic.', 'PUBLISHED', 'https://lorempixel.com/1200/400/?17452', '2019-08-07 21:52:24', '2019-08-07 21:52:24'),
(163, 18, 13, 'Odit quia qui sit ex.', 'odit-quia-qui-sit-ex', 'Accusamus nesciunt quis dolorem voluptatem ut et blanditiis. Rerum earum qui voluptatem aliquam accusamus repellat voluptatum et.', 'Quis quod eaque itaque molestiae itaque pariatur. Omnis sit modi voluptatem reprehenderit. Ipsum aut excepturi aut dolorum ut beatae. Blanditiis odio error in sequi porro voluptas rem omnis. Est sint reprehenderit veritatis dignissimos et. Dolorem nostrum necessitatibus corporis voluptatem facilis dolores esse. Et ut perferendis est ad eum rerum. Esse consequuntur libero consequatur sint. Earum explicabo beatae odio mollitia odit eaque architecto aliquid.', 'DRAFT', 'https://lorempixel.com/1200/400/?34088', '2019-08-07 21:52:24', '2019-08-07 21:52:24'),
(164, 30, 14, 'Delectus eaque sint perferendis.', 'delectus-eaque-sint-perferendis', 'Qui culpa soluta expedita repudiandae nam. Ut quis rerum suscipit dolor alias. Consequatur ut voluptatem ut excepturi veritatis. Doloribus quia dolores odio.', 'Et reprehenderit sunt quia. Dolores molestiae perspiciatis officia ipsa sed voluptatem minima. Quam ad vitae debitis. Quam et ut quam magni nesciunt dicta. Rerum cumque ullam quo voluptatibus. Nobis rerum adipisci rerum totam et dolor. Esse dicta repellendus voluptates consequatur adipisci. Quibusdam neque accusantium minima non architecto repellendus accusamus.', 'PUBLISHED', 'https://lorempixel.com/1200/400/?34323', '2019-08-07 21:52:24', '2019-08-07 21:52:24'),
(165, 14, 2, 'Mollitia eos eum enim.', 'mollitia-eos-eum-enim', 'Impedit perspiciatis ab suscipit dolorem et maiores velit. Libero autem temporibus autem totam ipsum. Recusandae ab et aut non necessitatibus. Qui voluptas repellat ut molestiae nostrum.', 'Eum rerum eos accusamus magnam quia omnis blanditiis. Vel ab est aut sunt vero sed. Alias sed exercitationem odio inventore sint sunt sunt. Dolorem sed et qui officiis eum molestias. Cupiditate sapiente excepturi sed maiores voluptates minus assumenda. A possimus iusto atque voluptate. Illum veniam porro molestiae aut quibusdam tempora porro. Quo blanditiis pariatur quos officia magnam dolor. Earum possimus vel omnis est repudiandae.', 'DRAFT', 'https://lorempixel.com/1200/400/?50040', '2019-08-07 21:52:24', '2019-08-07 21:52:24'),
(166, 9, 8, 'Qui sit enim.', 'qui-sit-enim', 'Eum unde autem laboriosam in harum. Suscipit laboriosam vitae voluptatem. Dolore ut cupiditate in sint ut. Fuga laudantium ut officiis harum est voluptate rerum. Omnis commodi velit ex consequatur.', 'Nam quisquam veniam rerum reprehenderit atque magni. Impedit libero et est quo sed. Veniam et ut laboriosam quod in. Aliquid quia eaque culpa quia ducimus doloremque. Hic est et quidem voluptates ut aut dolores. Ut soluta tenetur consequatur consequatur ut aliquam. Asperiores quod et veniam necessitatibus hic. Cumque nesciunt sed illum ipsam explicabo modi. Maxime autem aliquam at est fuga deleniti.', 'PUBLISHED', 'https://lorempixel.com/1200/400/?95330', '2019-08-07 21:52:25', '2019-08-07 21:52:25'),
(168, 27, 4, 'Numquam eos laborum dolor.', 'numquam-eos-laborum-dolor', 'Unde eveniet nostrum perspiciatis atque. Ad pariatur nihil commodi minima sit asperiores. Sequi quod commodi maxime incidunt. Cum ut delectus eaque vitae.', 'Molestiae rem saepe perferendis voluptate impedit omnis. Aut inventore alias culpa maxime voluptatem id tempore voluptas. Architecto unde at eum et. Laudantium repellat quidem esse harum et. Enim in neque impedit occaecati. Incidunt provident mollitia mollitia. Dolores aut natus reprehenderit est.', 'DRAFT', 'https://lorempixel.com/1200/400/?45536', '2019-08-07 21:52:25', '2019-08-07 21:52:25'),
(169, 16, 15, 'Ut eum temporibus ipsa.', 'ut-eum-temporibus-ipsa', 'Provident porro omnis eum quaerat rerum. Maiores consequatur magni possimus sed. Nemo debitis totam fugiat. Perspiciatis dignissimos incidunt voluptatum.', 'Eveniet totam non rerum nemo accusantium inventore. Nostrum quia alias est ut non. Sequi fuga qui qui. Et sunt facere quos ad corrupti. Qui iste voluptatem pariatur aliquid iure culpa cumque et. Hic quis quisquam hic in. Tempore harum quia eaque dolor corrupti velit natus. Suscipit magni unde explicabo quod et nesciunt.', 'PUBLISHED', 'https://lorempixel.com/1200/400/?60787', '2019-08-07 21:52:25', '2019-08-07 21:52:25'),
(170, 30, 18, 'Aliquam odio vel dolores.', 'aliquam-odio-vel-dolores', 'Et minus sint laborum quia. Omnis eius animi accusantium voluptas possimus est ut. Neque voluptate optio sit.', 'In aperiam pariatur modi ut sit rerum. Rem et aut voluptas rerum similique rerum veritatis. Dolor qui aut expedita sequi. Molestiae sapiente vel quam accusantium eligendi. Blanditiis iusto qui facilis temporibus ut enim. At ipsa unde praesentium voluptatibus quia ullam. Atque vero fuga repellendus consequatur sed minima maiores. Molestiae debitis qui in eum reprehenderit.', 'PUBLISHED', 'https://lorempixel.com/1200/400/?10876', '2019-08-07 21:52:25', '2019-08-07 21:52:25'),
(171, 15, 14, 'Ut veritatis unde.', 'ut-veritatis-unde', 'Vel ut ducimus qui sequi molestiae unde. Dolorum nostrum ut quod voluptas qui. Et et fugit assumenda provident voluptatem velit ratione et. Fugiat qui qui magnam.', 'Quas itaque aperiam aut. Officia ipsam quis quam dolorem ratione a. Aut autem voluptates ipsa magni tempora laudantium et. Tempore distinctio magnam unde sunt blanditiis. Quibusdam ducimus autem et quas. Numquam ullam quisquam vel omnis eum voluptate at veniam. Consequatur qui iusto qui sed quia quas quia quas. Et alias voluptatem enim dicta quis.', 'PUBLISHED', 'https://lorempixel.com/1200/400/?19842', '2019-08-07 21:52:25', '2019-08-07 21:52:25'),
(172, 4, 3, 'Debitis at id ullam aliquid.', 'debitis-at-id-ullam-aliquid', 'Facilis ut pariatur sit ipsa. Quisquam sequi iste velit quaerat eveniet natus. Culpa odio illo dolor a dolorem.', 'Nemo quibusdam laudantium quidem nisi distinctio unde autem nobis. Quis est quam rerum autem. Quis sed quia sit. Sapiente eligendi necessitatibus voluptas rerum. Fuga asperiores dolorem consectetur dolor porro. Odit impedit suscipit rerum. Magni possimus a sint et rerum dolorem voluptatem. Fugit et accusamus et voluptatem fugiat tenetur.', 'PUBLISHED', 'https://lorempixel.com/1200/400/?98823', '2019-08-07 21:52:25', '2019-08-07 21:52:25'),
(173, 16, 10, 'Voluptas sunt eos sed deserunt quas.', 'voluptas-sunt-eos-sed-deserunt-quas', 'Mollitia magni consequuntur aliquam repellendus unde et. Sit voluptatum et reprehenderit recusandae. Dolor non impedit qui ratione. In architecto nesciunt neque tenetur ipsa mollitia.', 'Et et tempora sed ut doloribus commodi. Iure quia amet saepe labore. Debitis vel tempora voluptates. Dolor ipsa in nemo tempore. Possimus perspiciatis debitis odio ut vel consequuntur. Maiores consequatur et culpa voluptatem pariatur nulla. Ducimus ea id rerum praesentium. Quam deserunt adipisci voluptatem saepe. Quia et eius nam impedit nihil nemo. Dolor voluptatem id voluptas maiores cumque in. Quo velit sunt unde facere.', 'PUBLISHED', 'https://lorempixel.com/1200/400/?38625', '2019-08-07 21:52:25', '2019-08-07 21:52:25'),
(174, 13, 12, 'Autem quas magnam.', 'autem-quas-magnam', 'Dolores laudantium at omnis sit quibusdam iusto aut. Facere aut perspiciatis iure qui est laboriosam. Cum nesciunt accusamus expedita sint nemo quaerat vitae impedit. Dicta cum quis aut eligendi qui.', 'Est rem architecto impedit atque sint nostrum neque voluptas. Quam adipisci aut itaque dolorem illum ut. Velit mollitia porro assumenda. Et eligendi quod hic sit. Aspernatur culpa aut ut ea aperiam in. Veritatis sed tempore quaerat voluptatibus vel totam sint. Odio earum vel et dolor iste velit. Molestiae alias accusamus molestias distinctio reprehenderit cupiditate vel assumenda. Distinctio necessitatibus placeat provident est voluptatem.', 'PUBLISHED', 'https://lorempixel.com/1200/400/?20488', '2019-08-07 21:52:25', '2019-08-07 21:52:25'),
(176, 11, 17, 'Quis illum ipsum et quis.', 'quis-illum-ipsum-et-quis', 'Consequatur aut recusandae numquam. Et aut asperiores qui omnis. Maiores earum magni possimus et sint magnam.', 'Distinctio eum saepe reprehenderit ipsam. Et modi voluptates ut voluptas asperiores amet quasi. Veniam doloremque quibusdam officia quasi quas. Vel reiciendis est debitis rerum. Praesentium soluta dolores sunt est odit et ut. Veniam explicabo dolor dolore quia autem. Qui fuga sequi nostrum quo enim. Molestiae ea qui repudiandae impedit sapiente vel est inventore. Occaecati ullam assumenda nisi exercitationem.', 'DRAFT', 'https://lorempixel.com/1200/400/?50222', '2019-08-07 21:52:25', '2019-08-07 21:52:25'),
(177, 23, 8, 'Qui qui occaecati incidunt.', 'qui-qui-occaecati-incidunt', 'Est culpa culpa aliquam. Beatae expedita vel libero qui reprehenderit hic dolorem. Praesentium maxime ad tempora nesciunt id asperiores consequatur. Aut ut voluptas voluptatem eos quae a.', 'Architecto molestias assumenda molestiae quas iure. Qui pariatur velit inventore quaerat. Et sunt est reiciendis. Aut sint necessitatibus eum ut expedita id. Numquam in vitae omnis voluptatem vel. Quos accusantium earum qui ratione et pariatur. Eos magni inventore qui quos mollitia. Assumenda eius laudantium natus ab velit tenetur. Ut ea architecto et iusto. Alias dolorum minus perspiciatis omnis.', 'PUBLISHED', 'https://lorempixel.com/1200/400/?10877', '2019-08-07 21:52:25', '2019-08-07 21:52:25'),
(178, 3, 14, 'Et mollitia dicta eum excepturi.', 'et-mollitia-dicta-eum-excepturi', 'Autem tenetur velit aut tenetur voluptate. Consequatur eum reprehenderit sunt. Ea minus quis voluptatibus enim.', 'Voluptatibus numquam distinctio dolorem saepe repellendus illo molestias. Omnis quo asperiores quam non reiciendis sit quibusdam. Facere voluptate ipsam ut temporibus iure molestias tempore vel. Officia eveniet ut odit nobis. Et alias illo quo cum qui saepe. Voluptatem vel animi nesciunt vero dolor et voluptatum rerum. Tempore necessitatibus earum cupiditate nobis aliquid fugit itaque. Et repellat beatae tenetur et.', 'PUBLISHED', 'https://lorempixel.com/1200/400/?80837', '2019-08-07 21:52:25', '2019-08-07 21:52:25'),
(179, 26, 17, 'Doloribus voluptas facilis modi hic dolores.', 'doloribus-voluptas-facilis-modi-hic-dolores', 'Laudantium a consequatur nihil temporibus qui. Provident modi sed ut consequatur eius quia. Voluptates sit autem aut a quasi et. Quaerat ut veritatis odio et id.', 'Quod aliquam sint provident eos vel. Placeat qui qui maxime nisi perspiciatis qui nostrum unde. Et aut provident corrupti voluptatem molestiae sit reiciendis itaque. Sint vel ea culpa soluta rerum et. Fugiat omnis eius accusamus consequatur nam. Rerum ex est qui quos ut debitis itaque. Assumenda nesciunt sed cupiditate tempora iusto ut expedita voluptatum. Dolor doloremque vel sed esse alias a est. Iure est fugiat ut eius earum possimus rem ut. Dolores cum unde et voluptas explicabo qui sunt.', 'PUBLISHED', 'https://lorempixel.com/1200/400/?90205', '2019-08-07 21:52:25', '2019-08-07 21:52:25'),
(180, 7, 15, 'Et ea placeat.', 'et-ea-placeat', 'Nemo ea et aut omnis consequuntur. Aut molestiae adipisci officia a. Ut voluptatum odit distinctio placeat maiores tenetur. Deserunt aliquid quis laboriosam quia quo.', 'Totam animi vitae eum perspiciatis possimus quisquam error quam. Doloribus et sint explicabo est possimus doloribus hic. Velit maxime ut eaque voluptates. Minima facilis consequatur aliquid beatae laborum dolore. Est accusantium ipsam quia quasi debitis non maxime. Magnam dolorum quis molestiae et maiores sint minima. Sed iure sit dolorum. Voluptas sit nostrum at aut dolore.', 'DRAFT', 'https://lorempixel.com/1200/400/?84871', '2019-08-07 21:52:25', '2019-08-07 21:52:25'),
(182, 7, 5, 'Laudantium qui corporis.', 'laudantium-qui-corporis', 'Iusto id et vitae nihil quam voluptatem. Impedit nobis enim quidem accusamus laborum quis. Velit at tempora est officia odio aut rem magni.', 'Molestiae adipisci omnis nesciunt nisi ab cupiditate. Inventore tenetur commodi animi architecto mollitia facilis. Suscipit est quasi doloremque sed autem mollitia ducimus. Repudiandae voluptatem a quia quaerat odit ab. Eligendi dolorum aut voluptas ipsum omnis ut. Asperiores accusantium eius illo est nisi aliquid quasi. Nam consectetur ipsum enim sequi fugit fugiat unde. Placeat tempora et enim. Numquam laboriosam in sunt labore maxime. Porro eligendi neque nihil voluptas.', 'PUBLISHED', 'https://lorempixel.com/1200/400/?61390', '2019-08-07 21:52:25', '2019-08-07 21:52:25'),
(183, 19, 6, 'Facere eligendi a dolorum.', 'facere-eligendi-a-dolorum', 'Harum ut dolor fugiat natus et vitae commodi. Assumenda dolorum porro aut hic sed dolorem tempora sit. Et non deleniti natus sequi. Porro inventore aut qui iure.', 'Quasi quo iure sint sunt est voluptas aut. Aut delectus aut sapiente voluptas laudantium dolorum. Excepturi atque iure ratione. Quia tempora magnam qui quaerat perferendis voluptatem consequatur. Consequuntur culpa suscipit libero ea mollitia omnis. Qui eaque laboriosam nulla molestiae doloribus aut. Nesciunt temporibus fugiat doloribus hic animi aut. Fugiat id temporibus corrupti esse.', 'DRAFT', 'https://lorempixel.com/1200/400/?67931', '2019-08-07 21:52:26', '2019-08-07 21:52:26'),
(184, 20, 5, 'Quod nam provident porro.', 'quod-nam-provident-porro', 'Perferendis blanditiis voluptatem asperiores. Tenetur ducimus fuga magnam illum ut.', 'Ab est eveniet et repellat sapiente. Omnis quaerat voluptatum hic a nisi. Saepe sint aspernatur accusamus molestiae. Temporibus consequuntur odit sequi qui. Nihil ut deserunt qui. Libero ex et sed voluptas harum. Voluptas in facere voluptatibus hic nobis. Esse molestias molestias praesentium maiores maiores doloremque vel. Corporis ad voluptatem repudiandae laboriosam.', 'DRAFT', 'https://lorempixel.com/1200/400/?33777', '2019-08-07 21:52:26', '2019-08-07 21:52:26'),
(185, 30, 18, 'Ab atque laboriosam rerum iusto sunt.', 'ab-atque-laboriosam-rerum-iusto-sunt', 'Eius magnam exercitationem assumenda praesentium eveniet soluta minima. Repellendus enim at occaecati labore. Possimus perspiciatis mollitia rerum ut et.', 'Officia blanditiis excepturi ab earum. Perspiciatis porro ut quasi est. Ipsam neque quibusdam eaque odio nulla officiis facere. Accusantium sed quo sit in atque. Nobis ea consequatur natus rerum. Sed illum voluptate quam delectus eum inventore non ipsum. Amet sapiente vitae sed quasi sint ullam unde. Soluta soluta delectus similique qui et ipsa ut.', 'PUBLISHED', 'https://lorempixel.com/1200/400/?50074', '2019-08-07 21:52:26', '2019-08-07 21:52:26'),
(186, 8, 10, 'Deserunt dolorum nisi possimus.', 'deserunt-dolorum-nisi-possimus', 'Asperiores quasi nulla rerum molestias. Expedita voluptas ut doloremque aut omnis recusandae.', 'Veritatis eius hic soluta ea eos commodi soluta voluptas. Perferendis nisi corporis saepe dolor non. Nam quibusdam nihil exercitationem. Magni rerum officia reprehenderit mollitia dicta ab eos. Ratione sunt quia odio similique illo. Ea dolor velit itaque non aut illo. Illum provident ex beatae. Voluptatibus quo impedit officia eum itaque necessitatibus. Et eos quasi at. Corporis officiis et minus sit voluptatem. Tempora maiores culpa cupiditate alias atque debitis.', 'DRAFT', 'https://lorempixel.com/1200/400/?14877', '2019-08-07 21:52:26', '2019-08-07 21:52:26'),
(187, 11, 3, 'Mollitia sunt corporis natus.', 'mollitia-sunt-corporis-natus', 'Expedita ad alias quisquam temporibus. Sapiente voluptates neque quia odio id. Ea et possimus sint qui non enim. Eveniet repellendus corporis laboriosam unde molestias dolores sint.', 'Ut aut non dignissimos asperiores. Sunt eveniet qui consequatur beatae voluptas. Impedit architecto quae iure mollitia laudantium ut nihil. Voluptatem repudiandae accusamus in tempore numquam officia ea. Aut harum dolor officia esse nulla velit. Nostrum ut dolorem ullam qui. Incidunt reiciendis deleniti et debitis. Eius laboriosam rerum praesentium sint. Qui consequatur dolore dolor temporibus sit.', 'DRAFT', 'https://lorempixel.com/1200/400/?25592', '2019-08-07 21:52:26', '2019-08-07 21:52:26'),
(188, 2, 10, 'Incidunt omnis et voluptates ut.', 'incidunt-omnis-et-voluptates-ut', 'Quos omnis a eum maxime earum earum. Accusantium harum id architecto perspiciatis architecto nam quaerat quidem. Itaque odit dicta facilis est.', 'Omnis soluta molestiae est. Quo assumenda fugiat sit illum dolores recusandae. Aut et in facilis vel sequi. Voluptatem incidunt ex excepturi totam perspiciatis est. Est expedita et aliquam laudantium cupiditate deleniti magni dignissimos. Doloremque et dicta cum qui iusto. Fugiat sunt consequuntur assumenda.', 'DRAFT', 'https://lorempixel.com/1200/400/?79143', '2019-08-07 21:52:26', '2019-08-07 21:52:26'),
(189, 17, 2, 'Officia ut architecto consequatur porro.', 'officia-ut-architecto-consequatur-porro', 'Deserunt odit suscipit autem reiciendis consequatur dolores veritatis. Non occaecati quia dolorem sequi dicta minus. Qui omnis repudiandae provident quasi aliquam.', 'Consectetur accusamus ut soluta quia quisquam dolor aut. Officiis dolores omnis alias et totam in ut. Autem facilis soluta molestiae cupiditate mollitia accusamus dolor quis. Doloremque qui qui cupiditate molestiae harum debitis est. Non assumenda nihil sed nobis consequatur delectus. Laudantium officiis et et. Laborum architecto possimus sed magnam ut quisquam quia fugiat. Odio tenetur aliquid sunt impedit.', 'PUBLISHED', 'https://lorempixel.com/1200/400/?25946', '2019-08-07 21:52:26', '2019-08-07 21:52:26'),
(190, 16, 18, 'Culpa perferendis provident.', 'culpa-perferendis-provident', 'Harum corporis aut et harum reiciendis. Dolores voluptate amet molestiae. Optio rerum dolorem est repudiandae. Aspernatur nemo ullam et quae dolores corrupti qui.', 'Occaecati et et voluptas dolorem non autem. Voluptatem similique aut id alias consequatur consequatur. Est nesciunt laboriosam ut. Blanditiis repellat quam distinctio ex numquam. Alias sed voluptate velit et. Rerum esse debitis est quia. Consequuntur magnam illo corrupti. Voluptatem alias tempora molestiae dolorem nesciunt voluptatem qui.', 'PUBLISHED', 'https://lorempixel.com/1200/400/?21080', '2019-08-07 21:52:26', '2019-08-07 21:52:26'),
(191, 17, 11, 'Eaque eos harum ut nisi.', 'eaque-eos-harum-ut-nisi', 'Debitis dolores impedit qui nihil enim. Voluptatem dolorem harum blanditiis asperiores earum dolores. Voluptatem architecto vel qui ut optio sint voluptates ducimus. Minus nulla officiis tenetur.', 'Ut unde quasi velit et aspernatur. Vero iusto sunt eos velit assumenda nam. Ut et laborum quod occaecati et dolorem. Laborum quo quod ut earum et ex rerum eum. Dolore autem est doloremque eligendi voluptas doloribus dolor. Debitis deserunt rerum expedita quis. Quo porro officia recusandae facere tempora ut. Culpa excepturi aliquid beatae ea voluptatem fugit. Tempore deleniti temporibus quibusdam magni dolores.', 'DRAFT', 'https://lorempixel.com/1200/400/?12596', '2019-08-07 21:52:26', '2019-08-07 21:52:26'),
(192, 1, 15, 'Mollitia reiciendis nesciunt odit repudiandae molestiae.', 'mollitia-reiciendis-nesciunt-odit-repudiandae-molestiae', 'Sit soluta quasi expedita ea quos non aut. Consectetur similique quia sint itaque. Quos libero et sunt provident consequatur quam placeat. Asperiores minima eum quaerat dignissimos.', 'Odio reprehenderit dignissimos quia rerum. Aut magnam voluptatibus pariatur alias. Nisi ut accusantium quam hic. Aut id excepturi adipisci dignissimos est ea excepturi. Tenetur voluptas sit quo sint sed harum nemo. Vel recusandae autem rerum ut ea. Qui atque nostrum molestias labore omnis eveniet suscipit. Beatae ut omnis sequi temporibus. Vitae ab fugit commodi est at nisi. Neque at quia sapiente et rerum accusamus.', 'PUBLISHED', 'https://lorempixel.com/1200/400/?61491', '2019-08-07 21:52:26', '2019-08-07 21:52:26'),
(193, 2, 15, 'Voluptate facilis non voluptas quis.', 'voluptate-facilis-non-voluptas-quis', 'Animi ullam a earum velit harum ratione voluptas. Ratione odio aut repudiandae optio mollitia. Officiis vitae saepe et voluptatem vel.', 'Suscipit voluptatibus corrupti sed nobis. Assumenda et veritatis quam. Voluptas officiis asperiores facilis atque. Consequuntur in ea quam vel. Qui corrupti fuga qui repellendus quia voluptatibus. Sapiente voluptatem dolor consequatur in. Voluptas dolor voluptates vel fugit commodi quae officiis. Ut quasi qui accusantium molestias nihil facilis.', 'DRAFT', 'https://lorempixel.com/1200/400/?70862', '2019-08-07 21:52:26', '2019-08-07 21:52:26'),
(194, 25, 12, 'Aliquid et fuga consequatur rerum asperiores.', 'aliquid-et-fuga-consequatur-rerum-asperiores', 'Quia qui ratione et perspiciatis iusto ut amet. Autem est sed atque rerum ut voluptatibus reprehenderit. Et quisquam enim necessitatibus facilis dolor porro. Vitae maxime non non aut aliquam dolores.', 'Veniam in magnam dignissimos aut exercitationem exercitationem. Impedit et sed officia qui modi voluptatum et. Et aperiam quam qui voluptas accusantium. Ab sed cumque et. Ut fugiat aut et dolorem quibusdam eos facilis. Inventore voluptatem repellendus est dolorem. Itaque esse quis et vero omnis laborum quam. Similique aut quidem qui fugit. Quos et molestias et saepe qui pariatur.', 'PUBLISHED', 'https://lorempixel.com/1200/400/?26260', '2019-08-07 21:52:26', '2019-08-07 21:52:26'),
(195, 11, 12, 'Vero praesentium veniam rerum nemo numquam.', 'vero-praesentium-veniam-rerum-nemo-numquam', 'Beatae veritatis fugit ut possimus aut. Eos eos voluptatem voluptatum corrupti cupiditate. Sunt rem occaecati perferendis eum omnis nisi. Commodi consequuntur unde ut magnam.', 'Velit et et aspernatur eligendi qui. A ut commodi voluptas molestiae reiciendis. Neque rem ipsum quisquam rerum quia architecto non. Alias tempore consequatur odio eveniet aliquam aut sint. Ut ullam possimus omnis dolore. Eius sequi atque libero aut. Quia pariatur autem modi ipsa itaque sunt totam. Et eum cumque officiis ea qui eligendi. Repudiandae in eveniet voluptas accusantium.', 'DRAFT', 'https://lorempixel.com/1200/400/?74256', '2019-08-07 21:52:26', '2019-08-07 21:52:26'),
(196, 23, 3, 'Aut dolore rem itaque.', 'aut-dolore-rem-itaque', 'Vitae explicabo error sed quia. Tempore numquam ducimus et earum aperiam. Voluptas aliquid dolore quo iure fuga. Aliquid aut omnis qui et aut tempore.', 'Maiores fugiat et error exercitationem sapiente explicabo. Enim deserunt enim quia ut. Iste sint veritatis occaecati consectetur molestiae quia maxime. Iure quia temporibus iste rerum iste sint. Et corporis non dolorem eius sit culpa iste. Nesciunt cupiditate accusamus velit deleniti. Debitis commodi quibusdam provident. Quia quae autem occaecati ut dolore vero. Fugit ipsa non doloremque aut. Vitae necessitatibus sit nostrum fugiat ut. Ut vel culpa fugiat est nisi ut dolor.', 'PUBLISHED', 'https://lorempixel.com/1200/400/?62632', '2019-08-07 21:52:26', '2019-08-07 21:52:26'),
(197, 18, 11, 'Adipisci qui quod ad.', 'adipisci-qui-quod-ad', 'Soluta eum perferendis dolores. Ut quis eos quod quas. Sit veritatis corrupti non earum voluptas vel.', 'Doloribus quasi beatae facere. Ipsam perspiciatis fuga quo dolor rerum neque. Quidem officia fuga enim eius consectetur commodi impedit. Dolores magni non aut expedita saepe voluptatem assumenda excepturi. Recusandae tenetur impedit vero qui quam accusamus accusantium voluptates. Ut cumque omnis beatae occaecati porro pariatur. Cupiditate pariatur culpa voluptatem consequuntur voluptatum inventore et molestiae.', 'DRAFT', 'https://lorempixel.com/1200/400/?14837', '2019-08-07 21:52:26', '2019-08-07 21:52:26'),
(198, 10, 7, 'Ut cum incidunt commodi molestias.', 'ut-cum-incidunt-commodi-molestias', 'Ea aliquam rerum sit est omnis. Beatae accusantium qui laboriosam fugiat. Non illo dolore perspiciatis totam.', 'Optio iusto illo quis et. Voluptas voluptatem libero dolore ut molestiae ut et. Reiciendis minus harum sequi aut aspernatur et vero. Veritatis voluptates quo ea nulla. Et tempore amet rerum dolorum. Explicabo voluptatem et sit ut ut accusamus. Fugit velit in aut similique itaque eius et. Ut et culpa quaerat rem. Animi voluptatum consequatur autem adipisci provident voluptatem veritatis dolorem. Temporibus aut qui consequatur aut expedita sint et sequi.', 'PUBLISHED', 'https://lorempixel.com/1200/400/?53192', '2019-08-07 21:52:27', '2019-08-07 21:52:27'),
(200, 24, 13, 'Ut neque ex.', 'ut-neque-ex', 'Amet qui placeat nostrum amet reprehenderit voluptatum. Unde enim et ut. Suscipit in et quod veritatis molestiae soluta quidem corrupti.', 'Eum porro laboriosam sunt aliquid recusandae natus consectetur quos. Placeat voluptatem ut quis et eius ducimus voluptatem cumque. Minus et sint dolor voluptatem minima in temporibus. Maxime corporis distinctio ut est inventore ut vel. Quod consequatur excepturi voluptatem reprehenderit sint odit. Quasi libero possimus at. Libero maxime ducimus dolorem deserunt quia. Quas tempore aut officia. Quisquam aut accusantium possimus et nobis dolorem.', 'PUBLISHED', 'https://lorempixel.com/1200/400/?94043', '2019-08-07 21:52:27', '2019-08-07 21:52:27'),
(202, 3, 18, 'Impedit sit molestiae.', 'impedit-sit-molestiae', 'Commodi rerum ratione atque. Ut corporis minima ipsam quae. Tempore molestiae est temporibus ut. Veritatis et iure rerum repellendus quibusdam. Pariatur quia soluta molestias. In eius ducimus ad.', 'Eum maxime dolorem similique saepe ut. Rem ab est deleniti suscipit. Itaque sunt porro consequatur eum quis quisquam. Libero doloremque est et ut velit. Cum id rerum ut esse soluta enim. Ullam magnam nemo vero mollitia nisi nemo aut aspernatur. A quia esse et temporibus est quam. In doloremque magnam velit dicta. Aut velit iure aliquam itaque. Ipsam molestias sed est fugiat. Odio consequuntur recusandae dignissimos libero molestiae rem. Suscipit earum iusto quibusdam ab unde quos.', 'DRAFT', 'https://lorempixel.com/1200/400/?24838', '2019-08-07 21:52:27', '2019-08-07 21:52:27'),
(203, 17, 13, 'Et odit ut et expedita.', 'et-odit-ut-et-expedita', 'Rerum debitis recusandae enim doloribus. Sit in dolores ut. Veniam et excepturi et. Eos pariatur explicabo est sed velit.', 'Velit vel omnis quae. Dignissimos quasi sit commodi nihil perspiciatis est adipisci voluptates. Pariatur quos quaerat eius. Rerum totam ex quam quia labore quia ad. Sit facere molestias nihil dolor eligendi. Aut asperiores voluptas facilis itaque incidunt in. Molestias deleniti ut voluptatem accusamus a. Numquam expedita eos eos vel iusto dolor. Veniam nisi voluptatum accusantium placeat.', 'PUBLISHED', 'https://lorempixel.com/1200/400/?37608', '2019-08-07 21:52:27', '2019-08-07 21:52:27'),
(204, 1, 11, 'Voluptates facilis enim voluptatem.', 'voluptates-facilis-enim-voluptatem', 'Dolorem dicta non modi ut consequatur. Adipisci debitis laboriosam animi ut non blanditiis dolorem. Ut natus inventore dolorem velit.', 'Mollitia aut mollitia molestiae ducimus est voluptatem. Maiores et mollitia iusto officia. Ea animi a quas dolorem et sit autem. Omnis praesentium laboriosam est nulla illo quibusdam. Voluptas enim ut ut quasi. Adipisci nulla deleniti occaecati error commodi. Dolores nulla omnis veritatis quasi odit impedit. Ut veniam eius vel quo illum. Asperiores perspiciatis repudiandae quo eum. Et magni eum culpa illo ipsum. Non a sapiente at nostrum tenetur. Dicta enim dolorem voluptas.', 'PUBLISHED', 'https://lorempixel.com/1200/400/?12302', '2019-08-07 21:52:27', '2019-08-07 21:52:27'),
(205, 13, 7, 'Autem corrupti non laboriosam.', 'autem-corrupti-non-laboriosam', 'Ut ut sed et voluptates eligendi. Recusandae quos quam non optio qui sed. Quis iusto fugit laborum molestiae.', 'Minima quia aut nostrum recusandae sint. Quo dolor sapiente voluptas voluptatem sapiente nemo incidunt eos. Occaecati et qui quos at et ullam sunt. Dolores illo sit aliquam itaque dolore aperiam. Dolore magnam debitis debitis tempora. Id quia consequatur perspiciatis qui assumenda et. Vero perspiciatis fuga aliquid. Ipsam odit qui aperiam quo.', 'PUBLISHED', 'https://lorempixel.com/1200/400/?94700', '2019-08-07 21:52:27', '2019-08-07 21:52:27'),
(206, 9, 17, 'Magnam porro vero ut modi nam.', 'magnam-porro-vero-ut-modi-nam', 'Incidunt maiores quis et. Nulla nesciunt quos inventore eius minus. Itaque quia sunt qui laborum est voluptatem.', 'Consequatur repudiandae aperiam deserunt. Provident sapiente beatae in ut sunt ea. Nesciunt tempore ut voluptatem aperiam corrupti accusantium est. Ea sint est libero aliquid aut illum. Consequuntur corrupti sit sunt omnis maiores accusamus. Hic amet ab nisi nam. Qui rerum minus veritatis blanditiis. Sint ut sapiente exercitationem.', 'DRAFT', 'https://lorempixel.com/1200/400/?12306', '2019-08-07 21:52:27', '2019-08-07 21:52:27'),
(207, 13, 12, 'Voluptates magni earum omnis.', 'voluptates-magni-earum-omnis', 'Veniam occaecati sint et debitis. A delectus et nostrum placeat qui sed quo. Debitis necessitatibus molestiae temporibus facere. Molestiae non nisi doloribus ut.', 'Numquam et quaerat quisquam reprehenderit iusto quos. Facere accusamus est ea est. Dicta voluptatem quae natus et facilis error dignissimos. Enim repudiandae quia perferendis est. Enim animi sunt sapiente corporis in omnis. Eaque assumenda et autem placeat non quas saepe. Adipisci nostrum rem voluptas distinctio vel ut et. Totam deleniti consectetur molestiae sint aut rerum reprehenderit.', 'DRAFT', 'https://lorempixel.com/1200/400/?62356', '2019-08-07 21:52:27', '2019-08-07 21:52:27'),
(208, 17, 3, 'Molestiae modi debitis tempore.', 'molestiae-modi-debitis-tempore', 'Similique aperiam tempora hic et ut consequatur fugiat. Asperiores deleniti assumenda nesciunt velit molestiae sit. Rerum autem est aspernatur aut rem ducimus ratione fugit.', 'Odio qui rem aut adipisci cupiditate voluptate. Dolorum tempore aut dolorem iusto. Voluptatem nihil soluta reprehenderit possimus ut. Qui corrupti voluptatem illum ut dolore. Laboriosam nihil quae tempora et illo quo beatae. Officia explicabo qui nulla blanditiis dolor aut et. Nostrum et rem nihil qui illum et. Vel cum fugit nesciunt ducimus. Consequuntur rerum exercitationem et.', 'DRAFT', 'https://lorempixel.com/1200/400/?35668', '2019-08-07 21:52:27', '2019-08-07 21:52:27'),
(210, 18, 12, 'Nihil molestiae provident tempora dolore.', 'nihil-molestiae-provident-tempora-dolore', 'Explicabo velit fugit qui vel labore velit. Dolorem harum voluptas neque est tempora corporis ut. Ut veritatis labore quia fuga nobis magnam dolor.', 'Ut consectetur doloremque delectus est et quibusdam quo. Minus eligendi distinctio magni possimus ullam et aperiam omnis. Dolores qui qui nisi pariatur voluptatem est perspiciatis quam. Quidem atque dolorem doloribus odio labore odio esse harum. Consequatur quis eum corporis omnis repellat reiciendis. Totam dolorem perspiciatis harum nobis esse et. Rem pariatur quam quis incidunt. Similique qui iusto et dolor et alias dolores itaque. Sunt doloribus voluptate perferendis est qui aut.', 'DRAFT', 'https://lorempixel.com/1200/400/?94798', '2019-08-07 21:52:27', '2019-08-07 21:52:27'),
(212, 6, 18, 'Temporibus non laborum aliquid alias.', 'temporibus-non-laborum-aliquid-alias', 'Officia modi suscipit quia facilis amet ut dolores. Officia error dolor neque distinctio voluptatem at rem. Pariatur neque quia ut dicta eum ipsum et. Est dolores quae aliquam tempore sed.', 'Assumenda at expedita quia impedit similique. Nihil nam consectetur mollitia doloremque. Eum odio porro dicta et ipsam. Ullam ipsam sit sapiente sit. At ad sit modi vel beatae. Dolor necessitatibus debitis voluptatum recusandae culpa. Voluptatem error ratione inventore repudiandae voluptas. Voluptate accusantium dolor animi dolor corporis id.', 'DRAFT', 'https://lorempixel.com/1200/400/?40090', '2019-08-07 21:52:27', '2019-08-07 21:52:27'),
(213, 24, 4, 'Fuga nihil eius.', 'fuga-nihil-eius', 'Sunt voluptatum eveniet modi doloribus accusamus. Assumenda animi dolores officia rerum aut nesciunt. Laboriosam dignissimos sint corrupti tenetur possimus et expedita.', 'Ut neque sunt eum accusamus quo. Neque eaque illo occaecati maiores ex est. Inventore harum voluptatem rerum. Vel aliquid soluta non ut sequi iste omnis. Velit ut excepturi vitae rem nihil facere necessitatibus. Vitae reprehenderit sunt facilis consequatur. Qui aut sed vero ad libero mollitia iste qui. Doloribus eius harum sint eum ut et suscipit non. Blanditiis modi cumque laborum at. Quas tempore nihil quia suscipit placeat dicta ut. Laudantium et ipsa fuga quia quia sit iusto.', 'DRAFT', 'https://lorempixel.com/1200/400/?13104', '2019-08-07 21:52:28', '2019-08-07 21:52:28'),
(214, 25, 2, 'Voluptas saepe sit.', 'voluptas-saepe-sit', 'Accusamus voluptates at vel. Nihil sit nobis facere dolores aspernatur. Eum accusantium eius fuga voluptatem atque. Suscipit quia sint ea.', 'Consectetur itaque deserunt et est aut inventore nihil. Voluptatibus voluptatem sit numquam quos. Beatae culpa et dignissimos. Ipsum placeat corporis facere quo magnam corrupti consequatur facilis. Dolor cum consectetur voluptatem omnis. Accusantium et qui dolore nulla. Nesciunt itaque perferendis earum consequatur voluptatem veritatis voluptates. Quas atque qui et.', 'DRAFT', 'https://lorempixel.com/1200/400/?69726', '2019-08-07 21:52:28', '2019-08-07 21:52:28'),
(215, 3, 13, 'Nemo unde est veniam asperiores.', 'nemo-unde-est-veniam-asperiores', 'Modi odio aperiam corporis expedita exercitationem. Et non doloremque nulla iste. Consequatur voluptas expedita laborum porro.', 'Omnis delectus nam voluptates quibusdam optio dicta maxime. Eligendi quis accusamus tempore qui ut. Qui quidem ipsam in debitis. Voluptatem iure qui in ad dolorum nihil amet laboriosam. Officiis ut enim rerum quibusdam molestiae. Distinctio ex laboriosam quidem aut excepturi. Ducimus optio voluptatum eos quia nemo optio. Vel quis possimus ipsa incidunt. Optio sit officia non deserunt iure consequatur.', 'DRAFT', 'https://lorempixel.com/1200/400/?31920', '2019-08-07 21:52:28', '2019-08-07 21:52:28'),
(216, 21, 17, 'Ut iure explicabo velit recusandae.', 'ut-iure-explicabo-velit-recusandae', 'Sed amet qui optio error est quis quo. Sunt aliquid quibusdam beatae. Corrupti et est reprehenderit. Quis eaque nisi officiis voluptas dignissimos quisquam tempora. Esse qui nulla et at.', 'Sunt ea hic voluptas odit incidunt. Fugiat odio labore minima hic eligendi provident quo. Ipsa quibusdam aut consequatur quia quia sequi. Vel iure ab optio. Ut aliquid quia quidem repellendus. Quia cumque rerum fugiat laborum. Dolor a tenetur eaque aliquam voluptatem magni voluptatem. Placeat inventore dolor quae. Numquam distinctio atque vel provident a.', 'DRAFT', 'https://lorempixel.com/1200/400/?44806', '2019-08-07 21:52:28', '2019-08-07 21:52:28'),
(217, 2, 13, 'Expedita labore corporis.', 'expedita-labore-corporis', 'Et quia quam officiis aut totam illo. Illo omnis deserunt ex minima ea.', 'Ut et eligendi qui excepturi optio. Nobis eos praesentium et voluptatibus et. Et ducimus aliquid perspiciatis animi illo. Laudantium aut quia est omnis doloremque. Neque eveniet modi ratione autem quia. Et quaerat repellat iure est praesentium et. Consequatur voluptatem aut aliquid. Et neque omnis voluptatem ex natus magni commodi. Quos repellendus illum quibusdam quae. Tempore fugit cumque assumenda doloribus nostrum impedit tempora.', 'DRAFT', 'https://lorempixel.com/1200/400/?42658', '2019-08-07 21:52:28', '2019-08-07 21:52:28'),
(218, 12, 12, 'Natus qui quibusdam omnis reprehenderit.', 'natus-qui-quibusdam-omnis-reprehenderit', 'Aut debitis aut rerum vel excepturi ut. Consequuntur odio quae non praesentium ex voluptatibus.', 'Est molestias eos sunt. Non molestiae consequatur non et. Laudantium exercitationem qui et optio autem a. Maxime veniam et error. Aliquid voluptatem nobis tempora ipsam et voluptatem asperiores. Aut accusantium vitae et repellat qui totam esse. Itaque delectus distinctio qui eum ipsam porro ut. Ut corrupti consequuntur iste autem. Fugiat vel voluptate aut illo quod et. Autem eos temporibus modi reprehenderit ea. Cumque modi saepe et nemo voluptas et. Et et et quae sapiente expedita.', 'DRAFT', 'https://lorempixel.com/1200/400/?21407', '2019-08-07 21:52:28', '2019-08-07 21:52:28'),
(219, 19, 3, 'Et tenetur commodi eligendi.', 'et-tenetur-commodi-eligendi', 'Eos deleniti et nam molestiae rerum. Consequuntur est consequuntur ut corporis voluptatum ut. Voluptatibus incidunt ut magni magnam.', 'Amet nam neque voluptas dolores. Molestiae debitis consequatur officiis alias suscipit. Accusamus quis ipsa magni reprehenderit laboriosam enim voluptas. Aperiam doloremque voluptates hic quos laboriosam pariatur non. Dolores incidunt excepturi reiciendis voluptas. Rerum soluta repellendus id saepe vero. Quo et doloremque fugiat aut voluptatem possimus. Qui voluptas reprehenderit recusandae expedita et voluptatibus.', 'DRAFT', 'https://lorempixel.com/1200/400/?46128', '2019-08-07 21:52:28', '2019-08-07 21:52:28'),
(220, 1, 9, 'Sunt ad laudantium maxime.', 'sunt-ad-laudantium-maxime', 'Quas repellat et voluptate. Dolor deserunt saepe maiores similique nisi. Perspiciatis nam qui cum.', 'Rerum nobis et maiores soluta quis ad. Cum nisi dicta at rerum consequatur odio tempore. Magnam atque consequatur unde dicta dicta impedit. Et dolor expedita voluptatum non. Dolorem dolor nihil ut sit. Blanditiis sit quo ratione impedit vel dolorem. Dolorem natus incidunt tempora minima reprehenderit autem est non. Facilis a ut velit. Officia neque ipsum eligendi ut. Ut voluptate rem qui rerum aperiam magni tempore. Sit sint voluptatem voluptas.', 'DRAFT', 'https://lorempixel.com/1200/400/?26523', '2019-08-07 21:52:28', '2019-08-07 21:52:28'),
(221, 13, 18, 'Quis esse autem omnis repellat at.', 'quis-esse-autem-omnis-repellat-at', 'Sint in rerum unde quis maxime incidunt magni. Minima et laudantium nihil consequatur. Et modi et vel quaerat occaecati.', 'In nisi asperiores porro quasi esse blanditiis. Voluptatem dolorum dolor saepe possimus in recusandae amet. Eveniet harum similique odio nostrum. Voluptatem sunt optio alias et quia. Dolorem nihil dolore harum iusto aliquam. Nihil excepturi incidunt eum laborum facere esse. Amet rem eaque quo sit. Similique vel quia nisi et. Modi eum explicabo magnam corporis ea. Et cum molestiae odit autem omnis velit quaerat.', 'DRAFT', 'https://lorempixel.com/1200/400/?42400', '2019-08-07 21:52:28', '2019-08-07 21:52:28'),
(222, 19, 16, 'Quia esse quisquam laudantium in voluptatem.', 'quia-esse-quisquam-laudantium-in-voluptatem', 'Accusamus veniam aut autem architecto. Vel quis voluptatem et nam cum ea et. Adipisci dignissimos voluptas sed. Alias neque natus voluptatem reprehenderit.', 'Consequatur sit amet omnis qui ea. Sit repudiandae aliquam ut veniam non. Sit omnis est et optio. Facere praesentium eveniet et sunt libero. Eaque officia eum consectetur ut soluta. Sint voluptates quo reiciendis iste. Possimus id voluptatem minima in minus. Et pariatur officiis iste voluptatem impedit. Nesciunt iste unde dicta animi repellat eligendi et fuga. Est vero enim non voluptate temporibus in. Quos quidem quas officiis voluptas reiciendis quidem nam.', 'PUBLISHED', 'https://lorempixel.com/1200/400/?35626', '2019-08-07 21:52:28', '2019-08-07 21:52:28'),
(223, 29, 11, 'Beatae laboriosam consequatur eligendi praesentium.', 'beatae-laboriosam-consequatur-eligendi-praesentium', 'Voluptatum facere dolor nihil eveniet nobis et. Voluptatem ullam esse sint et vel porro id quam. Ratione pariatur perferendis ut dolorum in commodi nemo.', 'Sunt deserunt at tenetur sunt quibusdam architecto harum. Sint sint quisquam quia saepe repellat laborum. Dolore voluptatem iusto sequi soluta. Voluptatem quam deserunt optio praesentium nemo placeat. Voluptatem necessitatibus sunt voluptatem aliquam architecto qui sit. Saepe optio sed assumenda ullam exercitationem earum. Sapiente natus commodi sint minus aperiam esse necessitatibus.', 'PUBLISHED', 'https://lorempixel.com/1200/400/?92433', '2019-08-07 21:52:28', '2019-08-07 21:52:28'),
(224, 5, 14, 'Omnis aut hic natus.', 'omnis-aut-hic-natus', 'Id accusamus fugiat expedita est. Et nesciunt esse repudiandae quia animi voluptatum est. Ut voluptatibus quibusdam ex commodi. Veniam facilis laboriosam qui perspiciatis dolores doloribus facere.', 'Totam officia totam quidem. Ut odit vel repellat ea veritatis quis occaecati. Facilis omnis dolore soluta vel autem quo ipsam. At ipsam nesciunt labore beatae nesciunt culpa minima. Dolorum amet minima similique dignissimos et debitis quo. Est suscipit et ducimus debitis ut. Et delectus sint distinctio sapiente qui commodi sed. Aut voluptatem beatae illo molestiae iure qui.', 'PUBLISHED', 'https://lorempixel.com/1200/400/?96112', '2019-08-07 21:52:28', '2019-08-07 21:52:28');
INSERT INTO `posts` (`id`, `user_id`, `category_id`, `name`, `slug`, `excerpt`, `body`, `status`, `file`, `created_at`, `updated_at`) VALUES
(226, 24, 13, 'Itaque repellendus iure pariatur.', 'itaque-repellendus-iure-pariatur', 'Dicta dolorem sit vero assumenda maiores. Eos fuga est ex nihil quod earum. Voluptas molestiae eos repellendus dignissimos quibusdam aut. Id et sapiente eaque voluptatem.', 'Quis rerum laudantium fuga praesentium ex quia quod aut. Temporibus quis sed illo necessitatibus et molestias. Quaerat et nisi aut ea aut. Laboriosam et vel ipsa recusandae et amet numquam. Ipsum distinctio enim praesentium. Aut rerum ea porro quod deserunt. Est expedita ipsam voluptatum tenetur sed. Reprehenderit sit sequi nihil at rerum. Aut ut porro doloremque dolor. Harum est nihil nulla sit in et. Cumque occaecati incidunt nihil tenetur itaque voluptatum est aut.', 'PUBLISHED', 'https://lorempixel.com/1200/400/?71798', '2019-08-07 21:52:29', '2019-08-07 21:52:29'),
(227, 1, 12, 'Eos magnam sit veritatis totam ipsa.', 'eos-magnam-sit-veritatis-totam-ipsa', 'Unde dolorum qui minus. Et illum in consequatur distinctio. Id quia enim veritatis ipsam odit est. Quidem delectus id modi. Quasi amet sit voluptas et mollitia atque. Illo ad voluptatibus blanditiis.', 'Voluptatem qui ullam sequi qui voluptatem. Error ut aut tempore fugiat. Hic dicta ut voluptate aut. Autem doloremque itaque neque repudiandae culpa non sit. Qui maxime est reiciendis. Praesentium velit eos aspernatur deserunt perferendis dolor voluptatibus. Omnis temporibus repellendus tempora odio voluptas et. Sequi est enim accusamus molestiae. Ea quia eius soluta molestiae dolore non a. Id velit et aliquam.', 'PUBLISHED', 'https://lorempixel.com/1200/400/?75118', '2019-08-07 21:52:29', '2019-08-07 21:52:29'),
(228, 8, 11, 'Et placeat numquam recusandae.', 'et-placeat-numquam-recusandae', 'Ut qui veritatis sit. Hic temporibus enim ab suscipit. Non enim dolores voluptate. Itaque temporibus id voluptatibus vel necessitatibus.', 'Voluptatem odio voluptatem nesciunt molestiae. Distinctio laudantium sequi sed consequatur deleniti. Vel vel a pariatur nulla distinctio atque. Corrupti aut harum a commodi porro ut est. Omnis quas veritatis suscipit ea minus temporibus ipsa quae. Et voluptatem qui et repellendus. Rerum voluptas tenetur harum id harum vel. Praesentium quod suscipit quia molestias accusantium et omnis.', 'PUBLISHED', 'https://lorempixel.com/1200/400/?76183', '2019-08-07 21:52:29', '2019-08-07 21:52:29'),
(230, 24, 11, 'Eligendi similique sed unde id adipisci.', 'eligendi-similique-sed-unde-id-adipisci', 'Atque atque quaerat ipsam praesentium placeat sed. Rerum odio non velit quo et tenetur sed. Suscipit voluptatem maxime ex et voluptate dignissimos quia.', 'Qui ut quia sint delectus quam impedit et. Ut quia rerum a officia aut ut. Quae tenetur eius dolores expedita. Sed minus asperiores aut reprehenderit non. Sit aut debitis libero fugit est possimus. Dolor consequuntur temporibus consequuntur aperiam doloribus consequatur in dolorem. Qui id minus illo. Quos delectus laboriosam vitae veniam excepturi repellendus.', 'DRAFT', 'https://lorempixel.com/1200/400/?49476', '2019-08-07 21:52:29', '2019-08-07 21:52:29'),
(231, 1, 6, 'Dignissimos error voluptatem sint sint.', 'dignissimos-error-voluptatem-sint-sint', 'Tenetur dolorem quam eum excepturi nostrum eligendi. Est animi laborum accusamus qui. Nulla reiciendis ipsum dignissimos delectus esse cum tempore.', 'Omnis repellat aperiam vitae quos. Perferendis est eos omnis et. Unde dolore qui quae non ut. Aliquid quia doloremque et rerum asperiores sint. Odit ut a praesentium omnis. Asperiores aspernatur est voluptatibus quia neque corporis rerum. Sint et nemo qui et. Aut tempore est rem consequuntur. Magni odio est tempore doloribus qui perspiciatis. Odit quod et enim esse perferendis amet veniam.', 'DRAFT', 'https://lorempixel.com/1200/400/?94219', '2019-08-07 21:52:29', '2019-08-07 21:52:29'),
(232, 20, 11, 'Possimus fuga eum minus.', 'possimus-fuga-eum-minus', 'Enim autem velit magni unde quas nam itaque. Quo quae amet perspiciatis doloremque. Debitis fuga earum cupiditate sint facere ullam. Ut maiores necessitatibus fugit.', 'Similique itaque aut recusandae voluptatem. Amet nesciunt deserunt vitae. Excepturi expedita atque ut ut facere modi. Expedita facere eveniet est ut consequatur iste et. Magnam in quod minus. Sit at debitis aliquid voluptatibus eos odit voluptate. Eum facere architecto fuga vel. Animi labore quia et id iure. Rerum voluptas nobis rem adipisci. Dicta sequi est tempora blanditiis totam animi voluptatem autem.', 'DRAFT', 'https://lorempixel.com/1200/400/?25854', '2019-08-07 21:52:29', '2019-08-07 21:52:29'),
(234, 18, 7, 'Tenetur dolore repellendus porro rem officiis.', 'tenetur-dolore-repellendus-porro-rem-officiis', 'Animi provident sapiente sit nihil rerum non sint et. Repellat veniam animi doloremque laudantium et quia et.', 'Veniam et voluptatem sed veritatis nihil nemo. Mollitia maxime voluptatum dolores veritatis. Magni similique labore id iusto quia recusandae mollitia. Ut voluptas et aliquid natus unde doloremque. Deserunt rerum iusto laboriosam enim non. Porro tenetur possimus harum qui. Occaecati consequuntur dolorem quas ipsa qui.', 'DRAFT', 'https://lorempixel.com/1200/400/?41271', '2019-08-07 21:52:29', '2019-08-07 21:52:29'),
(235, 23, 16, 'Aut consectetur nobis eius.', 'aut-consectetur-nobis-eius', 'Nemo dolore nemo incidunt earum at. Animi ratione laborum aut modi repellendus eligendi nisi sit. Voluptates corporis quis sunt sed et soluta molestiae laudantium.', 'Iure provident omnis eum minus sit quia aut. Quis dolores officia vel officia cum voluptatem. Maiores dolorum eum est voluptatum assumenda accusamus sit. Corporis earum et et sit autem qui. Ipsam dolor molestias odit cumque. A voluptatibus veritatis ut inventore provident necessitatibus ipsa. Vitae est laborum eos debitis. Quia possimus accusantium aut accusamus. In blanditiis facilis omnis voluptatem.', 'DRAFT', 'https://lorempixel.com/1200/400/?12536', '2019-08-07 21:52:29', '2019-08-07 21:52:29'),
(236, 24, 12, 'Assumenda nihil alias magni aut.', 'assumenda-nihil-alias-magni-aut', 'Explicabo autem temporibus assumenda labore omnis consectetur libero. Velit sunt vero hic minus consequuntur itaque voluptas. Qui eaque commodi sapiente voluptatem voluptatem.', 'Nihil eius sint aut sunt maxime non minus. Ab est cum debitis aut reiciendis laboriosam ut. Ullam eos nostrum aliquam. Corrupti aut sunt vel accusantium nam in repellendus. Dicta voluptatem eveniet et at reiciendis. Earum voluptatem modi iusto fuga laudantium. Laborum vero maiores amet iusto sunt quia. Blanditiis velit quod nihil. Dolores tenetur mollitia deleniti.', 'DRAFT', 'https://lorempixel.com/1200/400/?54514', '2019-08-07 21:52:29', '2019-08-07 21:52:29'),
(237, 16, 11, 'Sit excepturi rerum eius eaque quisquam.', 'sit-excepturi-rerum-eius-eaque-quisquam', 'Est officiis dolores eius. Ex est nostrum commodi veritatis eligendi delectus vel. Architecto ea ex reiciendis nihil illo.', 'Aspernatur illum sit blanditiis dolor. Magni expedita quisquam ducimus rem. Ex et sit aut est adipisci aut. Provident vitae quisquam quo et ut et reiciendis et. Rem sunt ut ut ab corrupti eaque et. Et quos a facilis eveniet repellat ducimus. Tenetur alias necessitatibus quas reiciendis velit. Qui aut quaerat fugit numquam. Officiis soluta cupiditate et sint sed. Culpa error aut suscipit ut accusantium. Beatae est et pariatur. Excepturi magnam mollitia tempore culpa nesciunt illo at ut.', 'PUBLISHED', 'https://lorempixel.com/1200/400/?41912', '2019-08-07 21:52:29', '2019-08-07 21:52:29'),
(238, 12, 16, 'Qui est sint dolores.', 'qui-est-sint-dolores', 'Earum voluptatum exercitationem repudiandae. Accusantium earum doloribus tempore qui eaque accusamus autem nulla. Aut magni dolores aut vel.', 'Rerum accusamus sit iste iste reprehenderit aut nisi est. Voluptates distinctio est eum laudantium. Commodi molestiae et repellat eius et fuga. Molestiae praesentium cupiditate dolor occaecati expedita ut. Nesciunt consectetur provident sed animi. Voluptas temporibus autem velit reprehenderit sed voluptas ut. Quia libero sit dignissimos velit aut qui aut.', 'PUBLISHED', 'https://lorempixel.com/1200/400/?98531', '2019-08-07 21:52:29', '2019-08-07 21:52:29'),
(239, 4, 6, 'Ab iste ut et eius voluptatem.', 'ab-iste-ut-et-eius-voluptatem', 'Perspiciatis ut enim quaerat ab veniam consequuntur earum voluptatem. Est velit quas eligendi laudantium velit dolores qui. Unde molestiae alias itaque non quo dignissimos.', 'Excepturi sequi non incidunt quia. Nihil debitis aspernatur quasi. Quo qui quia ut consequatur ut odio est. Optio aut autem quam molestias et nemo. Ut a enim quidem ipsum placeat. Velit assumenda eveniet rerum autem. Ut omnis laborum quibusdam neque quasi. Cupiditate sint eum dolorem quo ipsum. Voluptas laudantium odit reiciendis qui et minima.', 'PUBLISHED', 'https://lorempixel.com/1200/400/?20520', '2019-08-07 21:52:29', '2019-08-07 21:52:29'),
(240, 9, 2, 'Quia vel asperiores cum perferendis corrupti.', 'quia-vel-asperiores-cum-perferendis-corrupti', 'Eveniet qui exercitationem dolores similique eius veniam aperiam sint. Perspiciatis provident sit distinctio voluptatem voluptatum veritatis aut in.', 'Temporibus cupiditate officiis quaerat id harum adipisci enim. Nesciunt consequuntur ut labore explicabo delectus veritatis. Dolorem at optio molestias enim. Doloremque molestiae dolores unde minus et. Sit sunt enim rerum non. Est quis cupiditate quia sit voluptas. Harum nobis quas laborum saepe optio dolores atque. Fuga sunt cumque laboriosam dolor. Suscipit consequatur labore itaque inventore. Deleniti omnis non illum nisi. Beatae nisi quae et ut voluptates aut.', 'PUBLISHED', 'https://lorempixel.com/1200/400/?25779', '2019-08-07 21:52:29', '2019-08-07 21:52:29'),
(241, 1, 4, 'Architecto doloremque deleniti necessitatibus sed.', 'architecto-doloremque-deleniti-necessitatibus-sed', 'Iure vel impedit et accusantium veniam. Ad ratione nihil atque a quis qui officia. Quo qui officia velit adipisci perspiciatis deserunt.', 'Mollitia autem id perspiciatis quibusdam voluptatem amet voluptates. Laborum nihil quasi sint ab quibusdam autem dignissimos. Exercitationem itaque fugit tempore adipisci sed. Occaecati aut ut animi eius quasi. Ratione nisi quia eos quaerat iusto consectetur. Qui nostrum possimus ipsa velit magni consectetur facere. Nam et aut voluptas facilis qui dolores.', 'PUBLISHED', 'https://lorempixel.com/1200/400/?27901', '2019-08-07 21:52:29', '2019-08-07 21:52:29'),
(242, 22, 13, 'Debitis consequatur porro voluptas.', 'debitis-consequatur-porro-voluptas', 'Quidem iusto maiores provident et. Commodi rem fugiat neque. Maiores quia officia ut quo. Enim nihil consequatur ut. Modi non sequi impedit molestiae. Consequuntur quia ad labore rerum.', 'Ut dolores eius nostrum et aut aut et. Occaecati vel quasi tempore sunt. Rerum incidunt ut qui sunt accusamus. Facere quaerat fuga suscipit maiores corporis consequatur harum. In placeat rerum sapiente debitis. Possimus doloremque consequatur ducimus et deleniti eum laudantium. Optio sequi qui a illo aspernatur dignissimos itaque. Corporis eligendi sit aut natus consequatur et. Fuga suscipit consectetur omnis natus.', 'DRAFT', 'https://lorempixel.com/1200/400/?58852', '2019-08-07 21:52:30', '2019-08-07 21:52:30'),
(243, 1, 14, 'Et ratione necessitatibus optio voluptatem veritatis.', 'et-ratione-necessitatibus-optio-voluptatem-veritatis', 'Saepe quod incidunt nesciunt nam et vel in. Qui facere repudiandae dolorem iste vel nihil. Itaque quia deleniti nulla soluta. Aut modi dolorem error culpa expedita consequatur dignissimos.', 'Voluptatibus dignissimos mollitia et libero est aut quo. Inventore rerum fugiat aspernatur iusto deserunt. Doloribus laudantium aut magni ducimus voluptatibus. Tempore voluptatem quod sit sint eum et. Perferendis aut perspiciatis molestias consequatur. Inventore voluptatem et accusantium eaque ut dolorem nostrum. Amet dolor repellat consequatur numquam rerum. Numquam doloremque voluptatibus quasi sunt.', 'DRAFT', 'https://lorempixel.com/1200/400/?23751', '2019-08-07 21:52:30', '2019-08-07 21:52:30'),
(244, 14, 18, 'Praesentium dolorem nobis.', 'praesentium-dolorem-nobis', 'Delectus harum error autem voluptatem beatae tempore. Tempore temporibus provident esse voluptatem nemo. Perspiciatis aliquid id nihil consequatur saepe debitis dolore. Deserunt ut quasi nihil qui.', 'Qui voluptas consequuntur dicta suscipit similique necessitatibus esse. Quidem consequatur ea fugit labore. Tempore ullam totam eos et non. Molestiae et nesciunt omnis. Et et perferendis saepe et tempore. Molestiae quis et eos et rerum rerum aliquam. Ad est quis eos rerum minima natus aut fugit. Ipsam corporis officia impedit est. Et eaque ut expedita consequatur. Aut nesciunt autem quidem cupiditate tempore. Est rerum quos accusantium et.', 'PUBLISHED', 'https://lorempixel.com/1200/400/?11229', '2019-08-07 21:52:30', '2019-08-07 21:52:30'),
(245, 3, 15, 'Iusto est et sed.', 'iusto-est-et-sed', 'Et architecto dolores eos maxime pariatur assumenda sit. Ullam deserunt autem quae blanditiis possimus. Rerum quasi aut facere harum explicabo magnam nostrum. Odio corporis qui ipsa ea.', 'Fugit et ducimus aut suscipit. Voluptate repellat doloremque quam modi consequatur aliquid aut. Earum temporibus omnis ea ut quasi. Ad nam et rem possimus. Nihil quos ullam harum nam animi est. Quidem corporis ducimus aperiam ducimus. Et aut aut occaecati in aut quod ratione vel. Voluptatem accusantium quae occaecati corporis culpa vel.', 'PUBLISHED', 'https://lorempixel.com/1200/400/?73968', '2019-08-07 21:52:30', '2019-08-07 21:52:30'),
(246, 27, 17, 'Occaecati id ipsam sunt id a.', 'occaecati-id-ipsam-sunt-id-a', 'Aut est eligendi officiis accusamus. Sunt et accusamus autem tenetur. Optio laborum harum repellendus nobis.', 'Voluptas tempora quam amet eum dolor. Molestiae perferendis ut sit. Necessitatibus unde omnis deserunt nulla. Aperiam distinctio adipisci est mollitia quam voluptas mollitia. Ut ratione id quibusdam nam ipsa est. Ut eum quibusdam a temporibus et ea. Non accusantium sit quibusdam ut. Accusantium sed qui ut. Impedit est cupiditate ratione hic. Ad accusantium veritatis asperiores quam. Perspiciatis quasi quidem neque et et.', 'PUBLISHED', 'https://lorempixel.com/1200/400/?42738', '2019-08-07 21:52:30', '2019-08-07 21:52:30'),
(247, 25, 17, 'Vitae debitis exercitationem deserunt.', 'vitae-debitis-exercitationem-deserunt', 'Ea sapiente atque consequatur. Minima rem perspiciatis eos et laborum. Officia architecto sint dignissimos harum voluptatem. Inventore dignissimos vel molestiae praesentium ut est ullam.', 'Quasi dolores nisi voluptatem eum voluptate. Doloribus recusandae sunt totam consequatur sapiente vitae maiores. Doloremque asperiores reiciendis pariatur quis nemo. Accusantium qui voluptatibus qui inventore. Excepturi est voluptas rerum veritatis adipisci exercitationem. Aspernatur vero ut ea natus nulla assumenda neque. Aut voluptatum ipsam et.', 'DRAFT', 'https://lorempixel.com/1200/400/?84476', '2019-08-07 21:52:30', '2019-08-07 21:52:30'),
(248, 15, 5, 'Assumenda modi animi exercitationem.', 'assumenda-modi-animi-exercitationem', 'Veniam perferendis et omnis est adipisci. Commodi pariatur cumque quod corporis. Aut ex deleniti aliquid perferendis accusamus porro eum.', 'Error qui natus tempora enim velit ipsum. Ut qui fugiat facere porro. Sed adipisci assumenda porro sed id aut nisi temporibus. Quo aut totam tempore praesentium consequuntur. Aliquid molestiae placeat enim harum sequi. Et sequi voluptatibus iste hic dolorem. Mollitia facere sequi atque molestiae. Velit et quaerat veritatis enim. Corrupti enim ut iure consectetur perspiciatis eos. Nulla ducimus sint delectus porro.', 'DRAFT', 'https://lorempixel.com/1200/400/?22390', '2019-08-07 21:52:30', '2019-08-07 21:52:30'),
(249, 8, 10, 'Qui qui perspiciatis illo magnam dignissimos.', 'qui-qui-perspiciatis-illo-magnam-dignissimos', 'Ut ut deserunt labore. Aliquam neque consequatur porro dolorum adipisci eum voluptas. Praesentium rerum dolorem cum officiis. Ratione dolor illum nobis quaerat. Aut quia est consequuntur nihil.', 'Provident illo quasi laudantium fugit corporis sed id. Illum hic rerum temporibus libero accusamus. Dolores voluptas cumque voluptatem nihil vitae. Magnam eum magnam delectus esse repellat ullam similique iste. Libero et quos esse natus aliquid iste nulla. Nisi velit vel non reprehenderit eius est. Aut veritatis consequuntur accusamus magnam. Eveniet voluptas qui architecto aut.', 'DRAFT', 'https://lorempixel.com/1200/400/?78466', '2019-08-07 21:52:30', '2019-08-07 21:52:30'),
(250, 7, 9, 'Amet eum sed.', 'amet-eum-sed', 'Distinctio quis eius exercitationem ut impedit cupiditate dolore in. Quae quia voluptate nihil laboriosam fugit. Explicabo doloremque modi temporibus tempora voluptatem natus molestiae.', 'Beatae facere sit delectus ipsam ab aspernatur. Hic et repudiandae adipisci qui deleniti. Consequatur non assumenda quia doloribus voluptate. Cupiditate qui tempora itaque explicabo. Nesciunt rerum officia optio facilis maxime totam porro. Iusto neque non dolorum. Et ipsum commodi doloribus et ullam eveniet velit. Repellendus reprehenderit ut et.', 'PUBLISHED', 'https://lorempixel.com/1200/400/?63873', '2019-08-07 21:52:30', '2019-08-07 21:52:30'),
(251, 14, 11, 'Voluptate illo quia necessitatibus maxime numquam.', 'voluptate-illo-quia-necessitatibus-maxime-numquam', 'Placeat nisi et et cumque asperiores. Maiores excepturi ut libero dolor. Totam qui quibusdam placeat et qui.', 'Ut corporis eos et ut non. Eveniet et fugit eum sint hic. Omnis quae itaque autem adipisci. Illum aut eum consequuntur enim dolorum. Vel repellendus quasi ab mollitia quaerat aut omnis. Blanditiis deleniti numquam officia aspernatur sed quos corporis. Voluptas cum omnis quibusdam non. Tempore asperiores officiis a quia. Vitae dicta ullam et. Dolorum similique distinctio qui quam. Aliquam itaque praesentium et ut. Quis aut perspiciatis qui pariatur quibusdam facilis omnis.', 'DRAFT', 'https://lorempixel.com/1200/400/?50000', '2019-08-07 21:52:30', '2019-08-07 21:52:30'),
(252, 14, 9, 'Deleniti vitae omnis.', 'deleniti-vitae-omnis', 'Perspiciatis neque quo enim porro expedita. Rem saepe modi nostrum et exercitationem. Fugit optio dicta quia omnis saepe et delectus.', 'Voluptatem eius eos dolor deleniti. Illum eaque velit non libero quia. Quidem magnam modi ut debitis laborum ratione. Facere dolores voluptas suscipit dolores harum corrupti. Culpa aliquam pariatur libero repellat quidem quis vitae pariatur. Ducimus est accusamus et magni enim veniam aperiam deleniti. Necessitatibus iusto fugit aut et velit doloribus. Amet voluptate error nemo est et nesciunt voluptate.', 'DRAFT', 'https://lorempixel.com/1200/400/?57285', '2019-08-07 21:52:30', '2019-08-07 21:52:30'),
(253, 5, 14, 'Eius id veritatis voluptas officiis.', 'eius-id-veritatis-voluptas-officiis', 'Sint velit voluptas reiciendis qui. Quos aspernatur vel et consequuntur et minus harum. Ut at et aspernatur. Voluptatem deleniti magni nobis ut.', 'Autem omnis et nostrum. Laudantium omnis exercitationem non ab. Minima soluta et dignissimos cum. Veniam sed blanditiis doloribus saepe. Delectus qui sunt eos corrupti. Debitis ea velit praesentium labore sit debitis. Fugiat architecto non praesentium aut ut doloremque architecto. Sed praesentium odit aut quia id. Harum iure alias quibusdam id odit. Minus recusandae deleniti fugit rerum ut velit in. Itaque voluptates quia nisi voluptatem ex quos.', 'PUBLISHED', 'https://lorempixel.com/1200/400/?70868', '2019-08-07 21:52:30', '2019-08-07 21:52:30'),
(255, 13, 9, 'Omnis praesentium animi.', 'omnis-praesentium-animi', 'Quae qui aperiam delectus rerum eius repellat corporis perferendis. Id libero dolor doloribus aut. Autem et sed aut doloribus porro recusandae sed. Doloribus eaque quos quibusdam.', 'Suscipit illum rem ducimus quibusdam doloremque fugiat et. Et placeat et voluptatem eos enim. Est laboriosam nostrum sed fugit itaque. Numquam beatae qui beatae tenetur aut. Vel omnis dolorum qui quo hic. Distinctio aspernatur est vero quae ea officia. Molestiae harum dolore beatae culpa sed mollitia. Modi reiciendis reprehenderit et est reprehenderit dolores atque. Voluptatum voluptas omnis quis praesentium est iure sequi voluptas.', 'DRAFT', 'https://lorempixel.com/1200/400/?10602', '2019-08-07 21:52:30', '2019-08-07 21:52:30'),
(256, 23, 4, 'Repellendus ut ipsa quae aliquam.', 'repellendus-ut-ipsa-quae-aliquam', 'Sapiente nam impedit ea aliquam laborum in. Debitis consequatur fugiat omnis veritatis esse fugit minima. Suscipit provident veritatis temporibus et id autem neque eos.', 'Quis voluptate minima placeat non vel aut. Dolore omnis aliquam nam vel. Atque quam voluptatem quo consectetur sit. Cum distinctio atque ut iste culpa atque ut. Quis optio ullam maxime culpa deleniti. Est facilis exercitationem et. Fuga ipsum ipsa doloribus unde. Deserunt enim ut ea. Voluptas ipsa ut dicta similique ut. Asperiores non odio dolores labore. Doloribus illo eos sunt ex est dignissimos commodi. Omnis beatae eum non culpa.', 'PUBLISHED', 'https://lorempixel.com/1200/400/?71770', '2019-08-07 21:52:30', '2019-08-07 21:52:30'),
(257, 9, 13, 'Sapiente consequuntur explicabo sequi molestias.', 'sapiente-consequuntur-explicabo-sequi-molestias', 'Modi itaque culpa sed in magnam ut possimus. Similique repellat qui ducimus laboriosam. Voluptates et sequi quisquam saepe accusantium voluptates. Illo qui corrupti cumque non sed.', 'Qui perspiciatis inventore voluptatibus est. Vitae delectus voluptatibus distinctio totam. Aut velit commodi vel quam quis. Libero enim quas ut aut. Odit velit quaerat sit et fuga excepturi numquam. Atque quo quo ut dolor mollitia et dolor. Laborum id quia tempore est ut. Inventore asperiores sint rerum placeat quidem et ut. Labore optio enim asperiores est aut eius et. Modi voluptatem eos est quidem illum et. Eveniet voluptates officia voluptatibus.', 'PUBLISHED', 'https://lorempixel.com/1200/400/?90556', '2019-08-07 21:52:30', '2019-08-07 21:52:30'),
(258, 24, 12, 'Numquam animi blanditiis ut.', 'numquam-animi-blanditiis-ut', 'Aperiam vel sit modi aliquam. Mollitia ut velit ut. Eius aliquid ipsa laboriosam reprehenderit.', 'Qui beatae placeat voluptatem vel. Ipsa at voluptates sed qui. Placeat perspiciatis error quam veritatis reiciendis enim illo ducimus. Rerum laborum doloribus qui ab vitae magnam dolor. Mollitia qui sunt et eum sed. Et est ipsa officia et maxime ratione. Dolores in amet est atque molestiae corrupti. Est dolores neque optio voluptatem a cum. Commodi consectetur vero quia laborum facere saepe.', 'PUBLISHED', 'https://lorempixel.com/1200/400/?30747', '2019-08-07 21:52:30', '2019-08-07 21:52:30'),
(259, 9, 1, 'Quis voluptas vel.', 'quis-voluptas-vel', 'Ratione esse rerum sed nemo. Inventore tempore quisquam velit asperiores veniam rem. Tenetur perspiciatis repellat architecto et. Optio enim architecto sapiente repellendus dolorem tempora.', 'Esse vero minima sequi est eius natus excepturi atque. Rem quis qui quia non quod dolore nisi non. Dolorum quia consequuntur dicta praesentium quia. Alias cumque dolores sit ipsam corrupti. Aut vel adipisci sed molestiae et. Quaerat corrupti voluptatem reiciendis sed velit nulla nisi. A sunt fugiat adipisci error tenetur harum ut. Beatae adipisci ut ut ab libero non. Occaecati beatae asperiores ad. Enim quia consequuntur libero earum aut illum facilis. Quia est natus magnam et ut voluptatem.', 'PUBLISHED', 'https://lorempixel.com/1200/400/?93956', '2019-08-07 21:52:31', '2019-08-07 21:52:31'),
(260, 22, 2, 'Est quod expedita nisi.', 'est-quod-expedita-nisi', 'Et dolore quam eveniet magni quidem voluptatem. Molestias nemo cupiditate nam exercitationem ut reprehenderit. Quia rem quis nihil impedit. Modi natus sint qui.', 'Enim earum sit quasi aut possimus reprehenderit consequatur. Ex non quaerat et distinctio. Ullam recusandae repellendus earum quaerat. Sit amet velit vel. Consectetur voluptas enim non rerum at ex. Necessitatibus maiores ut est ut. Voluptatibus in optio quidem. Exercitationem ad omnis at voluptatem.', 'PUBLISHED', 'https://lorempixel.com/1200/400/?95521', '2019-08-07 21:52:31', '2019-08-07 21:52:31'),
(261, 27, 5, 'Cum corrupti voluptas quam.', 'cum-corrupti-voluptas-quam', 'Autem velit tempora consectetur aut. Et officiis minus vitae dolores veritatis distinctio. Quis voluptates nisi facere. Distinctio ullam qui assumenda recusandae laborum et.', 'Architecto earum porro incidunt et dolorem. Veniam iusto totam in rem. Sed modi voluptatem ut maxime iusto qui. Quasi a ut eaque itaque. Voluptates voluptates deleniti veniam dolorem porro. Numquam rerum illum nihil similique aspernatur. Voluptates eum voluptatibus aperiam esse. Reprehenderit inventore aut pariatur facere eos et. Labore et eligendi autem sit. Vel enim eveniet perferendis hic a maxime.', 'PUBLISHED', 'https://lorempixel.com/1200/400/?27082', '2019-08-07 21:52:31', '2019-08-07 21:52:31'),
(262, 29, 6, 'Quibusdam sed facere sed sapiente.', 'quibusdam-sed-facere-sed-sapiente', 'Enim dolor maiores quod voluptas architecto tenetur. Enim animi rerum beatae. Et qui illo cupiditate ullam sint facere.', 'Qui a vitae et. Eum ipsa omnis unde architecto ducimus magnam. Asperiores dolorem in eveniet et accusantium. Minima et earum alias ut cum iste quae. Tempore voluptates voluptas architecto aliquid rerum et quia modi. Nam perspiciatis dolores unde. Voluptas dolores illo in est earum. Aut dolor est possimus expedita voluptas. Et exercitationem aspernatur sit ad ex doloribus. Iste tenetur et eligendi sint quis necessitatibus distinctio.', 'PUBLISHED', 'https://lorempixel.com/1200/400/?93150', '2019-08-07 21:52:31', '2019-08-07 21:52:31'),
(263, 28, 18, 'Facilis aperiam debitis voluptas.', 'facilis-aperiam-debitis-voluptas', 'Perspiciatis minima omnis blanditiis aut. Aut sit autem et atque velit non earum. Corporis animi excepturi reprehenderit repellat doloribus beatae tempore. Corrupti vel quidem iure itaque harum.', 'Soluta ex explicabo et voluptatem provident officia. Corporis sed quis nostrum veniam corrupti. Omnis et debitis eligendi velit adipisci autem cupiditate. Dolores nulla ea aperiam. Non sit consequatur excepturi. Maxime placeat consectetur suscipit. Voluptatibus aut dignissimos voluptatem provident ut quis. Et nulla nemo et adipisci pariatur saepe quia. Molestiae eligendi odio autem. Asperiores aperiam nesciunt id quo. Hic inventore molestiae quia autem distinctio impedit velit.', 'PUBLISHED', 'https://lorempixel.com/1200/400/?38892', '2019-08-07 21:52:31', '2019-08-07 21:52:31'),
(264, 14, 18, 'Laborum vel nobis iure soluta ea.', 'laborum-vel-nobis-iure-soluta-ea', 'Est voluptas reiciendis aliquam accusamus saepe voluptatem. At in sit minus qui ad. Ea itaque officia sunt voluptatem dolorem.', 'Voluptate repudiandae est temporibus ullam magni consequatur est. Sed eaque odio deleniti nemo recusandae. Facere perferendis maiores minima illo labore aut nobis. Voluptas asperiores sunt similique repellat repellendus sequi. Nemo asperiores et id consectetur voluptatem. Corporis voluptatem ab deserunt vel reiciendis est omnis.', 'PUBLISHED', 'https://lorempixel.com/1200/400/?33680', '2019-08-07 21:52:31', '2019-08-07 21:52:31'),
(265, 9, 18, 'Quas est rerum.', 'quas-est-rerum', 'Autem non et eos voluptatem eligendi reprehenderit officiis. Quasi autem deleniti distinctio quaerat sed eum.', 'Deleniti nobis repellat voluptates ex eius beatae. Maiores saepe ab pariatur ratione vero repellat. Dolore omnis occaecati cumque autem sit. In aliquam iure iure et. Ullam quidem velit ut veritatis tenetur. Velit maxime quos natus nam id. Provident sapiente vero minima consequatur. Culpa molestias voluptatem quo iusto aut fugiat a. Eum voluptatem iste eum repellat veniam rerum. Voluptatem ex nam libero quisquam ut vel. Quas iure fugit qui sed. Ut dolores occaecati doloremque eligendi.', 'PUBLISHED', 'https://lorempixel.com/1200/400/?56658', '2019-08-07 21:52:31', '2019-08-07 21:52:31'),
(266, 26, 8, 'Quod est magni quia.', 'quod-est-magni-quia', 'Eum tenetur nulla et quasi aut quis. Laboriosam dolorem error omnis qui modi nostrum architecto. Cupiditate dolorem maxime atque quibusdam ducimus accusantium et.', 'Et dolores voluptatem quis aliquid. Et autem et qui exercitationem eius qui. Molestiae illo enim consequatur non aperiam et qui. Quod quasi et sit aut. Deleniti qui a eum sed nesciunt. Omnis dolor aut eaque eos dolorem nulla in voluptas. Non accusamus voluptatibus in et odio. Modi vitae quo totam animi. Id deserunt voluptas voluptatem omnis. Sequi consectetur ea architecto debitis aut aut.', 'PUBLISHED', 'https://lorempixel.com/1200/400/?28745', '2019-08-07 21:52:31', '2019-08-07 21:52:31'),
(267, 10, 17, 'Ea placeat earum praesentium necessitatibus.', 'ea-placeat-earum-praesentium-necessitatibus', 'Dolore soluta molestiae atque minima ea. Id perspiciatis et vel consequatur voluptatem impedit vel. Architecto beatae ut quae quas ut.', 'Est expedita odio eveniet quisquam explicabo laborum. Explicabo eveniet est unde occaecati. Voluptas ut et odit natus error aut occaecati. Perspiciatis quaerat aliquid omnis aut. Doloremque autem atque minus. Non voluptatem id voluptas hic ut recusandae. Dolores ullam quo enim voluptatum numquam consequuntur. Quia sunt animi adipisci sed nemo. Quos rerum modi deserunt laudantium.', 'DRAFT', 'https://lorempixel.com/1200/400/?65112', '2019-08-07 21:52:31', '2019-08-07 21:52:31'),
(268, 15, 9, 'Ratione nisi et corporis ipsa.', 'ratione-nisi-et-corporis-ipsa', 'Exercitationem doloribus nemo aspernatur voluptate. Id eum labore nostrum quos ut.', 'Qui ipsum qui numquam quod veritatis praesentium illum. Quis et voluptate nisi architecto non. Similique quas sed quasi ea reiciendis. Sunt quis ducimus atque. Excepturi quasi ullam tempore esse ad autem hic dolor. Ipsam et accusantium dolor et tempore nihil perspiciatis labore. Saepe vel veniam quae. Et iste consectetur porro aliquid.', 'DRAFT', 'https://lorempixel.com/1200/400/?61056', '2019-08-07 21:52:31', '2019-08-07 21:52:31'),
(269, 18, 9, 'Omnis ea consequuntur esse eligendi inventore.', 'omnis-ea-consequuntur-esse-eligendi-inventore', 'Expedita sed mollitia quia provident officia. Qui voluptatibus unde voluptas deserunt eligendi. Voluptatem quia fugit aliquam quis et ut voluptate.', 'Dicta eaque molestias provident nisi quas. Aut aut molestiae sint odio qui temporibus. Facilis maiores illo sed laudantium earum est id. Voluptatibus suscipit atque eum quia ullam natus. Ab non ex est aliquam dignissimos laborum eveniet. Aliquid cum quo eligendi qui similique. Id quia a quisquam voluptatum enim. Soluta iusto tempora perspiciatis excepturi similique doloremque. Voluptatibus nam deserunt quaerat. Itaque modi est deserunt molestiae necessitatibus nulla.', 'DRAFT', 'https://lorempixel.com/1200/400/?14445', '2019-08-07 21:52:31', '2019-08-07 21:52:31'),
(270, 27, 12, 'Placeat consequatur debitis aut delectus.', 'placeat-consequatur-debitis-aut-delectus', 'Aut error occaecati tenetur sint. Qui non dolores asperiores consequatur. Laborum dolore qui non sapiente in laborum.', 'Asperiores et quae ut dolorem laborum. Necessitatibus ab eligendi dolore ea error. Et eligendi quod quos aut quam. Unde porro et numquam blanditiis. Qui fugit vitae culpa praesentium quis sit. Quo sit inventore culpa aut qui sed. Ratione at ad cumque et. Ad minima quam sed eos aliquam repudiandae non molestiae. Modi id id quia voluptas dolores quibusdam blanditiis. Laborum officia eum et praesentium voluptatum quas sed. Maxime hic corrupti error recusandae.', 'DRAFT', 'https://lorempixel.com/1200/400/?92536', '2019-08-07 21:52:31', '2019-08-07 21:52:31'),
(271, 22, 2, 'Quia optio quia.', 'quia-optio-quia', 'Earum et a possimus autem rem. Dolorem dolorem mollitia et sit velit. Quo atque est explicabo aperiam cupiditate qui.', 'Tempore iure ab accusamus ratione. Autem adipisci ad magni consectetur voluptas excepturi voluptates. Molestiae labore eum odit vitae vel aut ut. Aliquam dolores nisi fuga nostrum. Iste ut quidem sint enim sint. Ab at quae est voluptatem et et iure. Nemo esse modi aliquam cum vitae qui. Sed nostrum magni ut recusandae iure fugit autem. A velit dolores delectus nulla.', 'DRAFT', 'https://lorempixel.com/1200/400/?87087', '2019-08-07 21:52:31', '2019-08-07 21:52:31'),
(272, 13, 1, 'Ad quaerat ut molestiae.', 'ad-quaerat-ut-molestiae', 'Aut officiis cumque amet mollitia et molestias. Error est ex est corporis voluptatibus. Itaque eos minima fugiat aliquam qui.', 'Assumenda asperiores unde odio suscipit nesciunt consequuntur quas. Et voluptas ut dolorum aperiam fugit. Vel quis et rerum quia omnis. Nulla eum perspiciatis officiis rerum cumque quis aut. Earum sequi quod dolorem sequi. Nostrum error alias in. Quia quasi quia consequatur repellendus dignissimos nihil. Vero quidem eos reiciendis fugiat maiores aperiam quo. Quis quos explicabo eius cupiditate in sed. Et quasi veniam porro quos dolorum odit. Ut earum esse aut eos fugit illo optio.', 'PUBLISHED', 'https://lorempixel.com/1200/400/?11116', '2019-08-07 21:52:31', '2019-08-07 21:52:31'),
(273, 12, 5, 'Repudiandae eos sit.', 'repudiandae-eos-sit', 'Asperiores eos ut hic tempora ipsum illum voluptatem. Aliquam quasi similique delectus dicta. Quisquam dicta itaque est commodi consequatur dolorem est.', 'Dicta odio repellat possimus ut officia nihil. Repellendus porro facilis molestiae et et sit. Sed neque ipsum beatae non. At est nesciunt rerum non quam. Rerum sint fugiat possimus ipsum. Illum aliquid qui sunt dolorem aut quis. Ex praesentium rem quam ea odio suscipit soluta. Ut nemo mollitia fugiat maiores quo cumque adipisci. Harum voluptatibus est et non aut ut. Aut sed dolorem qui ut commodi rem voluptas recusandae.', 'PUBLISHED', 'https://lorempixel.com/1200/400/?75542', '2019-08-07 21:52:31', '2019-08-07 21:52:31'),
(274, 21, 2, 'Dicta dignissimos ea nobis.', 'dicta-dignissimos-ea-nobis', 'Ut odit excepturi cumque voluptatibus et aut. Exercitationem nihil non aut et quibusdam enim. Commodi aut in excepturi iure vero. Consequatur ipsam aperiam quo quas aliquid sapiente eveniet.', 'Eos animi maiores qui laborum omnis est unde. Dolorem voluptate praesentium velit repellat consectetur consectetur. Minus molestiae nam voluptas optio eum minus qui. Voluptates fugiat officiis et autem. Illum delectus rerum qui debitis recusandae hic. Quidem vel necessitatibus nulla saepe harum. Est nihil inventore maiores temporibus repudiandae. Natus et doloribus velit fugit id similique quo quod.', 'DRAFT', 'https://lorempixel.com/1200/400/?90799', '2019-08-07 21:52:31', '2019-08-07 21:52:31'),
(276, 14, 10, 'Consequatur suscipit et ut recusandae est.', 'consequatur-suscipit-et-ut-recusandae-est', 'Eaque dolor et in labore. Aut aut voluptate necessitatibus facere quae ullam ratione. Quisquam nam repellat nihil exercitationem.', 'Consequatur et repellat commodi expedita dolores harum. Sit voluptas cupiditate laboriosam optio saepe. Enim sapiente in magnam aut et omnis quibusdam et. Sint consectetur velit voluptas sed sunt iusto omnis. Corporis molestiae impedit maxime laudantium quis ad cumque. Corporis mollitia eum rerum facilis est qui. Quos dolores enim neque atque. Vitae debitis quibusdam ut id architecto soluta. Voluptatem porro nulla quidem ducimus autem.', 'DRAFT', 'https://lorempixel.com/1200/400/?71267', '2019-08-07 21:52:31', '2019-08-07 21:52:31'),
(277, 9, 11, 'Voluptates sed et perferendis et.', 'voluptates-sed-et-perferendis-et', 'Ut ut est sit. Fugiat molestias numquam molestias enim maiores et. Laboriosam facere quia doloribus odit et et.', 'Corrupti et velit nulla. Hic illum illum et molestias veniam. Rem doloremque pariatur consectetur enim eum non. Quia dolor non consectetur natus ipsa sed voluptate eum. Distinctio quia nisi sequi asperiores. Id nihil autem accusantium porro. Et sint consectetur praesentium dolore voluptas enim. Libero beatae praesentium aut maiores dignissimos. Atque tempore vero quae fugiat aut.', 'PUBLISHED', 'https://lorempixel.com/1200/400/?20449', '2019-08-07 21:52:32', '2019-08-07 21:52:32'),
(278, 13, 4, 'Omnis rerum ut inventore.', 'omnis-rerum-ut-inventore', 'Quia inventore dolorem tenetur amet non unde quisquam sapiente. Odio aliquam tenetur ut facilis voluptas. Molestias dolorum nostrum qui recusandae sit.', 'Ut omnis odit quos omnis qui. Mollitia corrupti laborum qui est laborum non aperiam. Iste omnis ullam et ducimus autem eius non. Aperiam distinctio veniam error totam enim. Qui consectetur est quia repudiandae quasi nam. Repellat reprehenderit et voluptates. Beatae incidunt ut magnam ex. Occaecati soluta rerum eligendi. Veritatis repellat quas culpa sed.', 'PUBLISHED', 'https://lorempixel.com/1200/400/?89923', '2019-08-07 21:52:32', '2019-08-07 21:52:32'),
(279, 20, 3, 'Enim sed voluptatem et numquam.', 'enim-sed-voluptatem-et-numquam', 'Qui error quibusdam est laborum mollitia libero. Rem commodi quo aut vel enim qui accusantium fugit.', 'Nemo animi omnis perspiciatis possimus laborum. Placeat voluptas eaque minima atque possimus blanditiis. Non necessitatibus voluptas magni voluptatum quibusdam. Ut inventore aut aut dolorum tempore perspiciatis. Eum maxime suscipit nihil. Voluptate ipsum deserunt id. Quod delectus qui nesciunt eius quia molestiae. Omnis optio autem laudantium. Nihil tempora ut doloribus pariatur est.', 'DRAFT', 'https://lorempixel.com/1200/400/?29824', '2019-08-07 21:52:32', '2019-08-07 21:52:32'),
(280, 16, 8, 'Ut qui expedita assumenda rerum.', 'ut-qui-expedita-assumenda-rerum', 'Ipsam quia doloribus exercitationem. Quia ut voluptas quia doloremque sit nesciunt vitae. Aperiam a commodi natus voluptas quis est. Quae vitae voluptatum vitae vel.', 'Qui enim et ipsum. Et tenetur autem laudantium error sint natus. Autem itaque voluptas commodi iure sit perspiciatis et. Explicabo enim ut rem voluptatem. Et earum quis culpa. Rerum vero a quia inventore harum. Et occaecati ab nulla vel ab beatae omnis nemo. Ratione officia molestias velit at et. Voluptas occaecati omnis doloribus animi. Ut illo commodi et voluptatibus et sed animi. Quidem exercitationem fugit dolore ut.', 'DRAFT', 'https://lorempixel.com/1200/400/?27072', '2019-08-07 21:52:32', '2019-08-07 21:52:32'),
(281, 17, 7, 'Voluptates nam ipsum qui velit porro.', 'voluptates-nam-ipsum-qui-velit-porro', 'Rerum voluptas laudantium aliquid. Quod modi ab tempora sit veritatis beatae voluptatem. Et et perspiciatis quis. Sit consequatur adipisci quo velit minus. Esse quas enim dolorem fugiat libero aut.', 'Qui libero sed quisquam accusamus. Omnis unde quae consequatur quae nisi. Aut tenetur blanditiis eaque blanditiis. Harum placeat quod ut et. Ut quia vero amet et voluptatum. Nobis nam ad ut vel. Enim commodi minus maxime optio quisquam doloremque cumque quidem. Similique sequi adipisci eos vero. Et aliquam eum soluta qui aliquid enim.', 'DRAFT', 'https://lorempixel.com/1200/400/?90295', '2019-08-07 21:52:32', '2019-08-07 21:52:32'),
(282, 4, 15, 'Sit distinctio impedit nostrum aut.', 'sit-distinctio-impedit-nostrum-aut', 'Sunt rerum et ut sunt hic saepe. Ratione ex dolorem iusto voluptas aliquam et. Accusamus et sunt repellat atque et est necessitatibus. Corporis consequuntur tempora voluptatem velit in in est.', 'Quas beatae quae repellat officiis labore numquam. Ab earum accusamus iste minus. Odit qui debitis laudantium et occaecati nemo totam. Maxime blanditiis dolorem consequatur quis. Ut quia non blanditiis est ut in quaerat qui. Qui et numquam tempore. Sunt nesciunt sit sunt eos minima voluptatibus distinctio. Nisi ut vero at quisquam tempore repudiandae accusantium. Nam eveniet eligendi maxime autem atque nisi.', 'PUBLISHED', 'https://lorempixel.com/1200/400/?90503', '2019-08-07 21:52:32', '2019-08-07 21:52:32'),
(283, 23, 1, 'Voluptatem et voluptatum reiciendis repellat inventore.', 'voluptatem-et-voluptatum-reiciendis-repellat-inventore', 'Veritatis atque in ea est. Dolore rerum veniam natus doloribus quaerat corrupti sequi corrupti. Libero impedit reprehenderit consectetur qui ut assumenda assumenda sed.', 'Error nihil nostrum esse. Dolor voluptas fugit optio deserunt. Iusto quos qui fugit quas voluptate. Laboriosam odit nulla et dignissimos eos iure tempora minus. Ratione cupiditate hic aspernatur eligendi sed et quasi. Expedita placeat magni placeat doloremque est dolorem excepturi. Numquam eveniet recusandae vitae ullam. Debitis perferendis cupiditate non modi debitis. Est amet maxime corrupti natus qui cum.', 'DRAFT', 'https://lorempixel.com/1200/400/?65497', '2019-08-07 21:52:32', '2019-08-07 21:52:32'),
(284, 20, 8, 'Adipisci et aut rem.', 'adipisci-et-aut-rem', 'Aut ut dolorem quia minus voluptatem. Inventore atque beatae dolores impedit quia voluptatem quidem. Iusto pariatur illum maxime dolor optio corrupti.', 'Libero dolor autem eos quisquam quibusdam enim. Officiis dolore nihil labore dolorem laborum aspernatur in nihil. Nostrum et minima et nemo quibusdam dolores pariatur. Aut suscipit vel enim esse unde repellat est eaque. Explicabo ut excepturi consequatur reiciendis repellat inventore. Fuga saepe amet et optio nemo.', 'PUBLISHED', 'https://lorempixel.com/1200/400/?86201', '2019-08-07 21:52:32', '2019-08-07 21:52:32'),
(285, 23, 10, 'Est iure minima iste.', 'est-iure-minima-iste', 'Velit quos rerum nemo et necessitatibus laboriosam. Rerum ut ea sit quam. Modi temporibus omnis minus enim debitis vitae.', 'Molestiae quis sequi aliquid laboriosam quas modi. Voluptatem architecto iste quia eum vitae id incidunt voluptates. Atque suscipit ut necessitatibus. Esse est illo quo deserunt voluptatem maxime eaque. A enim numquam sed quis possimus similique. Culpa quis debitis sit velit voluptatum. Eius quidem non fugiat. Nihil corporis aut quo quidem aut. Quibusdam sed ullam eos quasi. Aliquid vel odit eum accusamus at sed quisquam. Eaque doloribus ea iusto animi temporibus possimus iusto.', 'DRAFT', 'https://lorempixel.com/1200/400/?87067', '2019-08-07 21:52:32', '2019-08-07 21:52:32'),
(286, 13, 16, 'Facere at odit rerum.', 'facere-at-odit-rerum', 'Voluptates esse voluptas est neque illum. Dolore delectus nihil ducimus totam et voluptas. Amet a et quo atque magnam odio autem.', 'Doloremque cupiditate laboriosam ut et autem ut. Dolorum amet exercitationem laudantium et est aut dolores. Ab fuga nemo nisi dolor culpa est voluptas. Deleniti maiores maiores ea consequatur laudantium mollitia et. Quo magni et sit ratione velit ut. Ut distinctio aut vero commodi eos. Ut repellendus aut quas ut exercitationem totam est. In quo reiciendis architecto ea minima voluptates dicta. Amet nesciunt vero nihil.', 'DRAFT', 'https://lorempixel.com/1200/400/?24633', '2019-08-07 21:52:32', '2019-08-07 21:52:32'),
(287, 11, 2, 'Nemo fugit tempora omnis nulla nesciunt.', 'nemo-fugit-tempora-omnis-nulla-nesciunt', 'Sunt ea quidem totam odit eum. Rerum non dolor rerum nostrum culpa sit consequuntur. Molestiae cumque repudiandae numquam.', 'Aliquam quisquam odit dignissimos ut vel dolore. Et quia eum quasi ullam quia ea natus amet. Ratione dolor velit cum aut optio. Neque quisquam perferendis est. Sed a omnis vero dolor atque. Dolorum quibusdam aut quis quo ad fugit dolor. Impedit qui ut dolores provident reiciendis saepe. Quaerat esse voluptas sed laborum voluptatem vero exercitationem. Dolorum deleniti reiciendis quia. Harum dolores est unde cum. Error sunt odit itaque porro ut. Et et non est.', 'DRAFT', 'https://lorempixel.com/1200/400/?83884', '2019-08-07 21:52:32', '2019-08-07 21:52:32'),
(288, 4, 17, 'Sint quisquam est.', 'sint-quisquam-est', 'Quos reiciendis placeat adipisci. Sequi sint voluptatum dolores vel quaerat quos. Quod non magnam voluptas. Ipsa cumque eveniet vel consequatur temporibus.', 'Sed esse est aut cumque hic eveniet. Vero iure doloremque rem voluptates. Aut velit quo maxime eaque. Fugiat porro itaque qui molestias ipsam aut. In sed quidem enim eveniet voluptatibus. Tempore quibusdam neque tempora ratione officiis quasi sed. Odit suscipit id tempore tempora. Dolores sed adipisci magnam. Reprehenderit enim suscipit eveniet quam excepturi et perspiciatis. Deleniti eum dolores asperiores repellendus error ut voluptatem. Explicabo et qui sint quod eligendi optio quo.', 'DRAFT', 'https://lorempixel.com/1200/400/?74249', '2019-08-07 21:52:32', '2019-08-07 21:52:32'),
(289, 23, 4, 'Nobis voluptatem voluptatem commodi sint magnam.', 'nobis-voluptatem-voluptatem-commodi-sint-magnam', 'Animi et debitis quia dolorum. Dolores alias ratione quo beatae. Maiores nemo ea est dolore voluptatum laboriosam aspernatur. Nesciunt assumenda consequuntur quaerat voluptatem ut totam soluta quas.', 'Excepturi est molestias voluptatem libero cum porro voluptate facere. Laboriosam molestias eos autem nihil. Voluptates est pariatur repudiandae magni possimus est eveniet. Reiciendis iure suscipit natus. Veritatis quam aut minima quia labore dolore sed. Odio maiores ullam dolore dolorem aut. Labore accusamus consequatur facere porro ea voluptatibus.', 'PUBLISHED', 'https://lorempixel.com/1200/400/?39407', '2019-08-07 21:52:33', '2019-08-07 21:52:33'),
(290, 18, 5, 'Ad consequatur rerum dolores repellendus illo.', 'ad-consequatur-rerum-dolores-repellendus-illo', 'Rerum minima placeat est eum repellat quo omnis. Vel rerum ut possimus corrupti. At sit enim alias id et. Impedit voluptas voluptas suscipit vel.', 'Libero quo voluptatem rerum numquam possimus hic dolore. Facere sit ipsum natus eaque. Quidem voluptatibus autem nihil placeat quam. Quam adipisci nihil velit rerum. Qui exercitationem qui accusamus natus temporibus enim pariatur. Quos at dolores laudantium vel veritatis quia doloribus. Fugit occaecati aut vel eligendi atque ea voluptates. Est culpa voluptate voluptatibus adipisci dolores.', 'DRAFT', 'https://lorempixel.com/1200/400/?36394', '2019-08-07 21:52:33', '2019-08-07 21:52:33'),
(291, 11, 18, 'Et porro aut.', 'et-porro-aut', 'Dolorem beatae et eveniet assumenda. Et aut occaecati atque voluptatem. Saepe nemo non excepturi voluptatem.', 'Veniam sequi odit rerum quia. Sunt ab velit nihil dolor sint omnis eos. Tempore officia quisquam provident ut repudiandae architecto. Dolor reprehenderit vel eos incidunt nam totam nihil voluptate. Tempore adipisci ex dolor aliquid illum non in. Similique possimus iste itaque et. Eos reiciendis necessitatibus beatae harum numquam. Molestiae quia aperiam iste suscipit.', 'PUBLISHED', 'https://lorempixel.com/1200/400/?53278', '2019-08-07 21:52:33', '2019-08-07 21:52:33'),
(292, 30, 1, 'Delectus aut consequatur ut est.', 'delectus-aut-consequatur-ut-est', 'Beatae illum assumenda consequuntur error non nesciunt. Ut molestiae natus et non doloremque repudiandae illo. Itaque officia rerum officia ea. Sint illum nesciunt et laborum.', 'Minima culpa ab pariatur. Ducimus voluptas eveniet et. Odit in rerum aliquid unde voluptas aut. Consequatur at vitae cupiditate aliquam. Quis voluptas voluptatem omnis nulla molestias sunt assumenda et. Sit sunt consequatur id architecto. Asperiores cum sint nemo. Saepe voluptate cupiditate vero ut officia corrupti.', 'DRAFT', 'https://lorempixel.com/1200/400/?26175', '2019-08-07 21:52:33', '2019-08-07 21:52:33'),
(293, 30, 5, 'Hic ut nihil quia.', 'hic-ut-nihil-quia', 'Dolorum distinctio vel nemo ipsam ullam aut. Nisi esse reiciendis rerum soluta quas. Laboriosam consequatur aut omnis sed quae. Suscipit sed exercitationem et voluptatem molestiae.', 'Voluptas et dolores vero eveniet et esse voluptas. Occaecati inventore itaque aut corporis a. Excepturi reiciendis sit ex. Qui natus eius omnis enim nulla voluptates explicabo. Ut labore ut quibusdam nihil libero unde cum. Consequatur quisquam sit quaerat assumenda architecto. Eum iste aspernatur amet rem. Architecto sunt dolorem atque ea ullam nulla. Consequatur quam praesentium in esse id id commodi.', 'PUBLISHED', 'https://lorempixel.com/1200/400/?51673', '2019-08-07 21:52:33', '2019-08-07 21:52:33'),
(294, 22, 18, 'Rerum consequatur assumenda quia ex.', 'rerum-consequatur-assumenda-quia-ex', 'Rerum pariatur aperiam nostrum reprehenderit omnis. Dicta aut ut laborum nam blanditiis eos necessitatibus quo. Consequatur quidem ratione amet quasi vitae adipisci aut.', 'Quam sapiente est et voluptatibus labore. Tempora saepe et molestias ut. Ipsa qui asperiores et. Eum sint ut ut qui numquam eius. Hic aperiam repellendus et ut architecto. Optio quibusdam quos non sapiente asperiores. Ratione deleniti recusandae fugit sint qui mollitia. Aut eos voluptates corporis pariatur ut qui. Et est dolor sit qui qui quod. Necessitatibus natus et magnam illum illo.', 'DRAFT', 'https://lorempixel.com/1200/400/?25175', '2019-08-07 21:52:33', '2019-08-07 21:52:33'),
(295, 17, 2, 'Et et voluptatem iure ut voluptas.', 'et-et-voluptatem-iure-ut-voluptas', 'Qui sint consequatur eaque maxime. Cumque dolores dolor expedita. Nam nobis voluptas deserunt est illum rerum qui.', 'Natus dolore consequatur expedita. Facere voluptate libero nisi qui itaque. Molestiae officiis voluptas temporibus et. Sequi quasi itaque mollitia. Velit aperiam fugit praesentium voluptatibus sed recusandae soluta sit. Ratione optio ea inventore. Sit harum maxime ad expedita. Vel cum molestiae aut repudiandae et autem doloribus quae. Aut corporis blanditiis officia ut quasi. Nihil et cupiditate odio quia.', 'DRAFT', 'https://lorempixel.com/1200/400/?16367', '2019-08-07 21:52:33', '2019-08-07 21:52:33');
INSERT INTO `posts` (`id`, `user_id`, `category_id`, `name`, `slug`, `excerpt`, `body`, `status`, `file`, `created_at`, `updated_at`) VALUES
(296, 14, 9, 'Ea vero debitis.', 'ea-vero-debitis', 'Amet qui animi eius voluptates quas. Aut dolor sapiente molestiae deserunt maxime et sint ducimus. Eligendi vitae molestias eos dolorem aut alias.', 'Est illo deserunt qui nostrum in eum neque. Quia ipsam earum excepturi voluptas esse sunt aliquam. Omnis id quisquam cum. Aut incidunt nisi enim. Non pariatur doloremque aliquam quas dolorum quia. Quos aut aut aspernatur. Suscipit doloribus voluptatum cum sed neque. Reiciendis animi quisquam et esse rem adipisci qui harum. Voluptas earum soluta voluptatem qui non asperiores. Voluptatibus doloremque cumque sequi dolores ipsam totam.', 'PUBLISHED', 'https://lorempixel.com/1200/400/?71397', '2019-08-07 21:52:33', '2019-08-07 21:52:33'),
(297, 1, 14, 'Eum veniam et eveniet id.', 'eum-veniam-et-eveniet-id', 'Dolor delectus qui facere iure. Quibusdam dolor non laborum. Optio esse voluptas expedita vitae.', 'Consequatur cupiditate exercitationem repudiandae porro vitae aliquam nihil. Reiciendis ad dolorum voluptate sint. Ipsa qui magnam amet quis sit enim. Eum minus ab accusamus quis. Aliquam velit voluptatem quis. Sit aliquam et numquam deserunt. Dolore rem rerum vero et voluptatem neque. Rem quae dignissimos vel eius aperiam saepe nostrum. Eaque dolores dignissimos provident deleniti ut voluptas.', 'DRAFT', 'https://lorempixel.com/1200/400/?46930', '2019-08-07 21:52:33', '2019-08-07 21:52:33'),
(298, 11, 13, 'Impedit beatae rerum magni corrupti.', 'impedit-beatae-rerum-magni-corrupti', 'Quia consectetur ullam sint omnis qui. Minima quasi eum et atque. Dolores eveniet molestias in impedit eos. Consequatur id qui qui qui. Ut repudiandae exercitationem aspernatur deserunt.', 'Et aliquam beatae at et minima perferendis saepe. Dolorum illum veniam voluptas voluptas hic error nisi. Qui dolores officia rerum quia velit. In molestiae sint sunt repudiandae officiis ducimus id. Praesentium voluptates similique et et. Placeat commodi quae ratione. Qui aspernatur et rerum pariatur nemo deserunt esse. Iste hic in quisquam fugit molestiae modi omnis. In assumenda eos ipsum quia repellendus nihil a. Maxime id blanditiis enim. Repellendus eos tempora rerum.', 'PUBLISHED', 'https://lorempixel.com/1200/400/?38384', '2019-08-07 21:52:33', '2019-08-07 21:52:33'),
(299, 26, 17, 'Maiores pariatur nisi nostrum.', 'maiores-pariatur-nisi-nostrum', 'Optio deleniti quaerat minus veritatis necessitatibus esse odit. Tempora rerum possimus praesentium ut debitis. Quis omnis exercitationem aliquid distinctio quae.', 'Et velit eum mollitia atque laudantium eligendi vero. Magnam eum ratione suscipit a. Tempore eaque sunt ipsa rem beatae et. Quidem corporis doloribus consequatur modi est. Quia aliquam nostrum nobis ut. Tempore perferendis minima nobis saepe qui et et. Vel iure voluptatem repellat in. Ea explicabo nemo qui. Ipsa dolore rem maiores veniam exercitationem illo. Rerum et aspernatur sunt ipsum dolor laborum. Soluta accusantium impedit aliquid omnis officiis.', 'DRAFT', 'https://lorempixel.com/1200/400/?16449', '2019-08-07 21:52:33', '2019-08-07 21:52:33'),
(300, 1, 17, 'Fuga fugiat ut nesciunt.', 'fuga-fugiat-ut-nesciunt', 'Rem expedita culpa facere. Deserunt repellendus voluptatibus aliquid commodi architecto cum laudantium. Molestias cupiditate est aut sit.', 'Amet dicta eligendi voluptatem ipsam eum. Et iure commodi aut ut necessitatibus hic quisquam. Porro voluptas sunt magni ipsam sit. Est et culpa eligendi sed rerum recusandae dolore. Id sit et aspernatur libero. Id aut inventore sunt dolore et. Placeat sit cum pariatur omnis pariatur. Sint autem voluptas veritatis delectus debitis dolorem. Accusantium voluptates qui voluptatibus veniam natus facere.', 'DRAFT', 'https://lorempixel.com/1200/400/?36421', '2019-08-07 21:52:33', '2019-08-07 21:52:33'),
(301, 30, 15, 'prueba 1', 'prueba-1', 'resumen', '<p><strong>CONTENIDO</strong></p>', 'PUBLISHED', 'http://localhost:8000/image/VeR8mNon3pN8SEVD07GHZtq9AzpuzqwA7yA59tzE.jpeg', '2019-08-07 21:54:02', '2019-08-07 22:01:59'),
(302, 30, 8, 'prueba 2', 'prueba-2', 'sad', '<p>sad</p>', 'PUBLISHED', 'http://localhost:8000/image/pSGBh8vpybkCYWU5r6xc5fIcCPwOdLnRiSRHRXow.png', '2019-08-07 22:26:28', '2019-08-07 22:26:28'),
(303, 30, 17, 'prueba 3', 'prueba-3', 'resumen 3', '<p><strong>asdaffdasf</strong></p>\r\n\r\n<p><strong>sdfdasf</strong></p>\r\n\r\n<p><input name=\"212\" type=\"button\" value=\"1\" /></p>', 'PUBLISHED', 'http://localhost:8000/image/KIzYjd3Om5DFtLC8cLALkt00cinF5GYsjtoRxyi8.png', '2019-08-08 00:00:43', '2019-08-08 00:00:43');

-- --------------------------------------------------------

--
-- Estructura de tabla para la tabla `post_tag`
--

CREATE TABLE `post_tag` (
  `id` int(10) UNSIGNED NOT NULL,
  `post_id` int(10) UNSIGNED NOT NULL,
  `tag_id` int(10) UNSIGNED NOT NULL,
  `created_at` timestamp NULL DEFAULT NULL,
  `updated_at` timestamp NULL DEFAULT NULL
) ENGINE=InnoDB DEFAULT CHARSET=utf8mb4 COLLATE=utf8mb4_unicode_ci;

--
-- Volcado de datos para la tabla `post_tag`
--

INSERT INTO `post_tag` (`id`, `post_id`, `tag_id`, `created_at`, `updated_at`) VALUES
(4, 2, 3, NULL, NULL),
(5, 2, 6, NULL, NULL),
(6, 2, 18, NULL, NULL),
(7, 3, 2, NULL, NULL),
(8, 3, 13, NULL, NULL),
(9, 3, 17, NULL, NULL),
(10, 4, 5, NULL, NULL),
(11, 4, 7, NULL, NULL),
(12, 4, 19, NULL, NULL),
(13, 5, 5, NULL, NULL),
(14, 5, 11, NULL, NULL),
(15, 5, 16, NULL, NULL),
(16, 6, 2, NULL, NULL),
(17, 6, 7, NULL, NULL),
(18, 6, 16, NULL, NULL),
(19, 7, 2, NULL, NULL),
(20, 7, 14, NULL, NULL),
(21, 7, 18, NULL, NULL),
(22, 8, 2, NULL, NULL),
(23, 8, 12, NULL, NULL),
(24, 8, 15, NULL, NULL),
(25, 9, 5, NULL, NULL),
(26, 9, 12, NULL, NULL),
(27, 9, 16, NULL, NULL),
(28, 10, 4, NULL, NULL),
(29, 10, 9, NULL, NULL),
(30, 10, 18, NULL, NULL),
(31, 11, 3, NULL, NULL),
(32, 11, 6, NULL, NULL),
(33, 11, 16, NULL, NULL),
(34, 12, 1, NULL, NULL),
(35, 12, 7, NULL, NULL),
(36, 12, 20, NULL, NULL),
(37, 13, 4, NULL, NULL),
(38, 13, 14, NULL, NULL),
(39, 13, 16, NULL, NULL),
(40, 14, 5, NULL, NULL),
(41, 14, 12, NULL, NULL),
(42, 14, 17, NULL, NULL),
(43, 15, 3, NULL, NULL),
(44, 15, 12, NULL, NULL),
(45, 15, 15, NULL, NULL),
(49, 17, 4, NULL, NULL),
(50, 17, 10, NULL, NULL),
(51, 17, 15, NULL, NULL),
(52, 18, 5, NULL, NULL),
(53, 18, 9, NULL, NULL),
(54, 18, 15, NULL, NULL),
(61, 21, 1, NULL, NULL),
(62, 21, 11, NULL, NULL),
(63, 21, 19, NULL, NULL),
(67, 23, 3, NULL, NULL),
(68, 23, 6, NULL, NULL),
(69, 23, 17, NULL, NULL),
(70, 24, 2, NULL, NULL),
(71, 24, 12, NULL, NULL),
(72, 24, 17, NULL, NULL),
(76, 26, 1, NULL, NULL),
(77, 26, 9, NULL, NULL),
(78, 26, 18, NULL, NULL),
(79, 27, 2, NULL, NULL),
(80, 27, 11, NULL, NULL),
(81, 27, 20, NULL, NULL),
(82, 28, 4, NULL, NULL),
(83, 28, 10, NULL, NULL),
(84, 28, 16, NULL, NULL),
(85, 29, 1, NULL, NULL),
(86, 29, 9, NULL, NULL),
(87, 29, 18, NULL, NULL),
(88, 30, 1, NULL, NULL),
(89, 30, 7, NULL, NULL),
(90, 30, 18, NULL, NULL),
(94, 32, 3, NULL, NULL),
(95, 32, 6, NULL, NULL),
(96, 32, 20, NULL, NULL),
(97, 33, 1, NULL, NULL),
(98, 33, 7, NULL, NULL),
(99, 33, 17, NULL, NULL),
(100, 34, 3, NULL, NULL),
(101, 34, 10, NULL, NULL),
(102, 34, 17, NULL, NULL),
(103, 35, 1, NULL, NULL),
(104, 35, 10, NULL, NULL),
(105, 35, 19, NULL, NULL),
(106, 36, 3, NULL, NULL),
(107, 36, 13, NULL, NULL),
(108, 36, 20, NULL, NULL),
(109, 37, 5, NULL, NULL),
(110, 37, 7, NULL, NULL),
(111, 37, 20, NULL, NULL),
(112, 38, 3, NULL, NULL),
(113, 38, 10, NULL, NULL),
(114, 38, 17, NULL, NULL),
(115, 39, 3, NULL, NULL),
(116, 39, 8, NULL, NULL),
(117, 39, 18, NULL, NULL),
(121, 41, 1, NULL, NULL),
(122, 41, 13, NULL, NULL),
(123, 41, 18, NULL, NULL),
(124, 42, 5, NULL, NULL),
(125, 42, 11, NULL, NULL),
(126, 42, 18, NULL, NULL),
(127, 43, 2, NULL, NULL),
(128, 43, 7, NULL, NULL),
(129, 43, 19, NULL, NULL),
(130, 44, 3, NULL, NULL),
(131, 44, 12, NULL, NULL),
(132, 44, 18, NULL, NULL),
(133, 45, 3, NULL, NULL),
(134, 45, 10, NULL, NULL),
(135, 45, 18, NULL, NULL),
(136, 46, 4, NULL, NULL),
(137, 46, 6, NULL, NULL),
(138, 46, 20, NULL, NULL),
(139, 47, 2, NULL, NULL),
(140, 47, 6, NULL, NULL),
(141, 47, 16, NULL, NULL),
(142, 48, 3, NULL, NULL),
(143, 48, 8, NULL, NULL),
(144, 48, 19, NULL, NULL),
(145, 49, 4, NULL, NULL),
(146, 49, 8, NULL, NULL),
(147, 49, 19, NULL, NULL),
(148, 50, 5, NULL, NULL),
(149, 50, 10, NULL, NULL),
(150, 50, 17, NULL, NULL),
(151, 51, 4, NULL, NULL),
(152, 51, 11, NULL, NULL),
(153, 51, 19, NULL, NULL),
(154, 52, 3, NULL, NULL),
(155, 52, 11, NULL, NULL),
(156, 52, 17, NULL, NULL),
(157, 53, 1, NULL, NULL),
(158, 53, 6, NULL, NULL),
(159, 53, 15, NULL, NULL),
(160, 54, 2, NULL, NULL),
(161, 54, 14, NULL, NULL),
(162, 54, 18, NULL, NULL),
(163, 55, 4, NULL, NULL),
(164, 55, 10, NULL, NULL),
(165, 55, 15, NULL, NULL),
(166, 56, 1, NULL, NULL),
(167, 56, 8, NULL, NULL),
(168, 56, 20, NULL, NULL),
(169, 57, 1, NULL, NULL),
(170, 57, 13, NULL, NULL),
(171, 57, 15, NULL, NULL),
(175, 59, 4, NULL, NULL),
(176, 59, 12, NULL, NULL),
(177, 59, 20, NULL, NULL),
(178, 60, 5, NULL, NULL),
(179, 60, 14, NULL, NULL),
(180, 60, 15, NULL, NULL),
(181, 61, 4, NULL, NULL),
(182, 61, 8, NULL, NULL),
(183, 61, 18, NULL, NULL),
(184, 62, 1, NULL, NULL),
(185, 62, 11, NULL, NULL),
(186, 62, 16, NULL, NULL),
(187, 63, 1, NULL, NULL),
(188, 63, 13, NULL, NULL),
(189, 63, 17, NULL, NULL),
(190, 64, 2, NULL, NULL),
(191, 64, 14, NULL, NULL),
(192, 64, 15, NULL, NULL),
(193, 65, 5, NULL, NULL),
(194, 65, 7, NULL, NULL),
(195, 65, 17, NULL, NULL),
(196, 66, 1, NULL, NULL),
(197, 66, 9, NULL, NULL),
(198, 66, 20, NULL, NULL),
(199, 67, 1, NULL, NULL),
(200, 67, 9, NULL, NULL),
(201, 67, 17, NULL, NULL),
(202, 68, 5, NULL, NULL),
(203, 68, 7, NULL, NULL),
(204, 68, 15, NULL, NULL),
(205, 69, 4, NULL, NULL),
(206, 69, 12, NULL, NULL),
(207, 69, 15, NULL, NULL),
(208, 70, 4, NULL, NULL),
(209, 70, 9, NULL, NULL),
(210, 70, 16, NULL, NULL),
(211, 71, 2, NULL, NULL),
(212, 71, 8, NULL, NULL),
(213, 71, 16, NULL, NULL),
(217, 73, 2, NULL, NULL),
(218, 73, 12, NULL, NULL),
(219, 73, 15, NULL, NULL),
(220, 74, 4, NULL, NULL),
(221, 74, 9, NULL, NULL),
(222, 74, 15, NULL, NULL),
(223, 75, 3, NULL, NULL),
(224, 75, 8, NULL, NULL),
(225, 75, 16, NULL, NULL),
(226, 76, 5, NULL, NULL),
(227, 76, 13, NULL, NULL),
(228, 76, 18, NULL, NULL),
(229, 77, 5, NULL, NULL),
(230, 77, 13, NULL, NULL),
(231, 77, 18, NULL, NULL),
(232, 78, 3, NULL, NULL),
(233, 78, 7, NULL, NULL),
(234, 78, 16, NULL, NULL),
(235, 79, 2, NULL, NULL),
(236, 79, 12, NULL, NULL),
(237, 79, 18, NULL, NULL),
(238, 80, 1, NULL, NULL),
(239, 80, 6, NULL, NULL),
(240, 80, 18, NULL, NULL),
(241, 81, 5, NULL, NULL),
(242, 81, 6, NULL, NULL),
(243, 81, 20, NULL, NULL),
(244, 82, 2, NULL, NULL),
(245, 82, 14, NULL, NULL),
(246, 82, 19, NULL, NULL),
(247, 83, 2, NULL, NULL),
(248, 83, 7, NULL, NULL),
(249, 83, 15, NULL, NULL),
(250, 84, 5, NULL, NULL),
(251, 84, 7, NULL, NULL),
(252, 84, 17, NULL, NULL),
(253, 85, 3, NULL, NULL),
(254, 85, 14, NULL, NULL),
(255, 85, 15, NULL, NULL),
(256, 86, 1, NULL, NULL),
(257, 86, 11, NULL, NULL),
(258, 86, 18, NULL, NULL),
(259, 87, 5, NULL, NULL),
(260, 87, 7, NULL, NULL),
(261, 87, 15, NULL, NULL),
(262, 88, 4, NULL, NULL),
(263, 88, 11, NULL, NULL),
(264, 88, 17, NULL, NULL),
(265, 89, 2, NULL, NULL),
(266, 89, 13, NULL, NULL),
(267, 89, 18, NULL, NULL),
(268, 90, 2, NULL, NULL),
(269, 90, 10, NULL, NULL),
(270, 90, 18, NULL, NULL),
(271, 91, 2, NULL, NULL),
(272, 91, 11, NULL, NULL),
(273, 91, 16, NULL, NULL),
(274, 92, 1, NULL, NULL),
(275, 92, 7, NULL, NULL),
(276, 92, 18, NULL, NULL),
(277, 93, 1, NULL, NULL),
(278, 93, 7, NULL, NULL),
(279, 93, 20, NULL, NULL),
(280, 94, 4, NULL, NULL),
(281, 94, 11, NULL, NULL),
(282, 94, 15, NULL, NULL),
(283, 95, 1, NULL, NULL),
(284, 95, 11, NULL, NULL),
(285, 95, 16, NULL, NULL),
(286, 96, 4, NULL, NULL),
(287, 96, 6, NULL, NULL),
(288, 96, 18, NULL, NULL),
(289, 97, 4, NULL, NULL),
(290, 97, 7, NULL, NULL),
(291, 97, 16, NULL, NULL),
(292, 98, 1, NULL, NULL),
(293, 98, 12, NULL, NULL),
(294, 98, 17, NULL, NULL),
(295, 99, 1, NULL, NULL),
(296, 99, 7, NULL, NULL),
(297, 99, 19, NULL, NULL),
(298, 100, 4, NULL, NULL),
(299, 100, 11, NULL, NULL),
(300, 100, 17, NULL, NULL),
(301, 101, 4, NULL, NULL),
(302, 101, 6, NULL, NULL),
(303, 101, 15, NULL, NULL),
(304, 102, 3, NULL, NULL),
(305, 102, 14, NULL, NULL),
(306, 102, 18, NULL, NULL),
(307, 103, 4, NULL, NULL),
(308, 103, 13, NULL, NULL),
(309, 103, 18, NULL, NULL),
(310, 104, 4, NULL, NULL),
(311, 104, 8, NULL, NULL),
(312, 104, 17, NULL, NULL),
(313, 105, 3, NULL, NULL),
(314, 105, 7, NULL, NULL),
(315, 105, 20, NULL, NULL),
(316, 106, 3, NULL, NULL),
(317, 106, 12, NULL, NULL),
(318, 106, 20, NULL, NULL),
(319, 107, 2, NULL, NULL),
(320, 107, 14, NULL, NULL),
(321, 107, 18, NULL, NULL),
(322, 108, 3, NULL, NULL),
(323, 108, 13, NULL, NULL),
(324, 108, 19, NULL, NULL),
(328, 110, 4, NULL, NULL),
(329, 110, 9, NULL, NULL),
(330, 110, 16, NULL, NULL),
(331, 111, 3, NULL, NULL),
(332, 111, 11, NULL, NULL),
(333, 111, 18, NULL, NULL),
(334, 112, 3, NULL, NULL),
(335, 112, 9, NULL, NULL),
(336, 112, 20, NULL, NULL),
(337, 113, 4, NULL, NULL),
(338, 113, 6, NULL, NULL),
(339, 113, 15, NULL, NULL),
(340, 114, 1, NULL, NULL),
(341, 114, 7, NULL, NULL),
(342, 114, 20, NULL, NULL),
(343, 115, 2, NULL, NULL),
(344, 115, 10, NULL, NULL),
(345, 115, 20, NULL, NULL),
(346, 116, 2, NULL, NULL),
(347, 116, 13, NULL, NULL),
(348, 116, 18, NULL, NULL),
(349, 117, 2, NULL, NULL),
(350, 117, 7, NULL, NULL),
(351, 117, 20, NULL, NULL),
(352, 118, 1, NULL, NULL),
(353, 118, 10, NULL, NULL),
(354, 118, 15, NULL, NULL),
(355, 119, 4, NULL, NULL),
(356, 119, 11, NULL, NULL),
(357, 119, 18, NULL, NULL),
(358, 120, 2, NULL, NULL),
(359, 120, 7, NULL, NULL),
(360, 120, 16, NULL, NULL),
(361, 121, 5, NULL, NULL),
(362, 121, 8, NULL, NULL),
(363, 121, 16, NULL, NULL),
(364, 122, 5, NULL, NULL),
(365, 122, 11, NULL, NULL),
(366, 122, 17, NULL, NULL),
(367, 123, 3, NULL, NULL),
(368, 123, 11, NULL, NULL),
(369, 123, 16, NULL, NULL),
(370, 124, 4, NULL, NULL),
(371, 124, 12, NULL, NULL),
(372, 124, 16, NULL, NULL),
(373, 125, 1, NULL, NULL),
(374, 125, 8, NULL, NULL),
(375, 125, 18, NULL, NULL),
(376, 126, 4, NULL, NULL),
(377, 126, 12, NULL, NULL),
(378, 126, 18, NULL, NULL),
(379, 127, 5, NULL, NULL),
(380, 127, 6, NULL, NULL),
(381, 127, 17, NULL, NULL),
(382, 128, 5, NULL, NULL),
(383, 128, 7, NULL, NULL),
(384, 128, 16, NULL, NULL),
(391, 131, 5, NULL, NULL),
(392, 131, 10, NULL, NULL),
(393, 131, 16, NULL, NULL),
(397, 133, 5, NULL, NULL),
(398, 133, 6, NULL, NULL),
(399, 133, 15, NULL, NULL),
(400, 134, 5, NULL, NULL),
(401, 134, 7, NULL, NULL),
(402, 134, 20, NULL, NULL),
(403, 135, 5, NULL, NULL),
(404, 135, 6, NULL, NULL),
(405, 135, 16, NULL, NULL),
(406, 136, 4, NULL, NULL),
(407, 136, 12, NULL, NULL),
(408, 136, 18, NULL, NULL),
(409, 137, 2, NULL, NULL),
(410, 137, 6, NULL, NULL),
(411, 137, 15, NULL, NULL),
(412, 138, 5, NULL, NULL),
(413, 138, 13, NULL, NULL),
(414, 138, 16, NULL, NULL),
(415, 139, 5, NULL, NULL),
(416, 139, 6, NULL, NULL),
(417, 139, 20, NULL, NULL),
(418, 140, 4, NULL, NULL),
(419, 140, 13, NULL, NULL),
(420, 140, 19, NULL, NULL),
(421, 141, 5, NULL, NULL),
(422, 141, 6, NULL, NULL),
(423, 141, 19, NULL, NULL),
(424, 142, 2, NULL, NULL),
(425, 142, 12, NULL, NULL),
(426, 142, 17, NULL, NULL),
(430, 144, 5, NULL, NULL),
(431, 144, 12, NULL, NULL),
(432, 144, 15, NULL, NULL),
(436, 146, 2, NULL, NULL),
(437, 146, 8, NULL, NULL),
(438, 146, 20, NULL, NULL),
(439, 147, 3, NULL, NULL),
(440, 147, 9, NULL, NULL),
(441, 147, 16, NULL, NULL),
(442, 148, 4, NULL, NULL),
(443, 148, 8, NULL, NULL),
(444, 148, 20, NULL, NULL),
(445, 149, 4, NULL, NULL),
(446, 149, 8, NULL, NULL),
(447, 149, 18, NULL, NULL),
(448, 150, 1, NULL, NULL),
(449, 150, 12, NULL, NULL),
(450, 150, 17, NULL, NULL),
(451, 151, 4, NULL, NULL),
(452, 151, 6, NULL, NULL),
(453, 151, 18, NULL, NULL),
(454, 152, 1, NULL, NULL),
(455, 152, 9, NULL, NULL),
(456, 152, 17, NULL, NULL),
(457, 153, 1, NULL, NULL),
(458, 153, 12, NULL, NULL),
(459, 153, 15, NULL, NULL),
(460, 154, 5, NULL, NULL),
(461, 154, 11, NULL, NULL),
(462, 154, 16, NULL, NULL),
(463, 155, 5, NULL, NULL),
(464, 155, 6, NULL, NULL),
(465, 155, 15, NULL, NULL),
(469, 157, 2, NULL, NULL),
(470, 157, 12, NULL, NULL),
(471, 157, 17, NULL, NULL),
(472, 158, 4, NULL, NULL),
(473, 158, 7, NULL, NULL),
(474, 158, 15, NULL, NULL),
(475, 159, 5, NULL, NULL),
(476, 159, 14, NULL, NULL),
(477, 159, 18, NULL, NULL),
(478, 160, 4, NULL, NULL),
(479, 160, 12, NULL, NULL),
(480, 160, 20, NULL, NULL),
(481, 161, 3, NULL, NULL),
(482, 161, 11, NULL, NULL),
(483, 161, 17, NULL, NULL),
(484, 162, 3, NULL, NULL),
(485, 162, 10, NULL, NULL),
(486, 162, 20, NULL, NULL),
(487, 163, 2, NULL, NULL),
(488, 163, 11, NULL, NULL),
(489, 163, 17, NULL, NULL),
(490, 164, 2, NULL, NULL),
(491, 164, 8, NULL, NULL),
(492, 164, 20, NULL, NULL),
(493, 165, 2, NULL, NULL),
(494, 165, 12, NULL, NULL),
(495, 165, 18, NULL, NULL),
(496, 166, 3, NULL, NULL),
(497, 166, 9, NULL, NULL),
(498, 166, 16, NULL, NULL),
(502, 168, 1, NULL, NULL),
(503, 168, 14, NULL, NULL),
(504, 168, 20, NULL, NULL),
(505, 169, 4, NULL, NULL),
(506, 169, 8, NULL, NULL),
(507, 169, 15, NULL, NULL),
(508, 170, 5, NULL, NULL),
(509, 170, 12, NULL, NULL),
(510, 170, 17, NULL, NULL),
(511, 171, 4, NULL, NULL),
(512, 171, 6, NULL, NULL),
(513, 171, 19, NULL, NULL),
(514, 172, 1, NULL, NULL),
(515, 172, 6, NULL, NULL),
(516, 172, 15, NULL, NULL),
(517, 173, 1, NULL, NULL),
(518, 173, 6, NULL, NULL),
(519, 173, 18, NULL, NULL),
(520, 174, 2, NULL, NULL),
(521, 174, 11, NULL, NULL),
(522, 174, 18, NULL, NULL),
(526, 176, 2, NULL, NULL),
(527, 176, 13, NULL, NULL),
(528, 176, 17, NULL, NULL),
(529, 177, 2, NULL, NULL),
(530, 177, 9, NULL, NULL),
(531, 177, 17, NULL, NULL),
(532, 178, 4, NULL, NULL),
(533, 178, 8, NULL, NULL),
(534, 178, 15, NULL, NULL),
(535, 179, 1, NULL, NULL),
(536, 179, 14, NULL, NULL),
(537, 179, 18, NULL, NULL),
(538, 180, 4, NULL, NULL),
(539, 180, 11, NULL, NULL),
(540, 180, 16, NULL, NULL),
(544, 182, 1, NULL, NULL),
(545, 182, 8, NULL, NULL),
(546, 182, 20, NULL, NULL),
(547, 183, 2, NULL, NULL),
(548, 183, 9, NULL, NULL),
(549, 183, 19, NULL, NULL),
(550, 184, 5, NULL, NULL),
(551, 184, 10, NULL, NULL),
(552, 184, 20, NULL, NULL),
(553, 185, 2, NULL, NULL),
(554, 185, 11, NULL, NULL),
(555, 185, 20, NULL, NULL),
(556, 186, 2, NULL, NULL),
(557, 186, 14, NULL, NULL),
(558, 186, 16, NULL, NULL),
(559, 187, 5, NULL, NULL),
(560, 187, 11, NULL, NULL),
(561, 187, 17, NULL, NULL),
(562, 188, 3, NULL, NULL),
(563, 188, 6, NULL, NULL),
(564, 188, 18, NULL, NULL),
(565, 189, 2, NULL, NULL),
(566, 189, 8, NULL, NULL),
(567, 189, 15, NULL, NULL),
(568, 190, 3, NULL, NULL),
(569, 190, 9, NULL, NULL),
(570, 190, 17, NULL, NULL),
(571, 191, 2, NULL, NULL),
(572, 191, 7, NULL, NULL),
(573, 191, 16, NULL, NULL),
(574, 192, 3, NULL, NULL),
(575, 192, 9, NULL, NULL),
(576, 192, 19, NULL, NULL),
(577, 193, 4, NULL, NULL),
(578, 193, 9, NULL, NULL),
(579, 193, 17, NULL, NULL),
(580, 194, 4, NULL, NULL),
(581, 194, 6, NULL, NULL),
(582, 194, 16, NULL, NULL),
(583, 195, 5, NULL, NULL),
(584, 195, 9, NULL, NULL),
(585, 195, 18, NULL, NULL),
(586, 196, 2, NULL, NULL),
(587, 196, 9, NULL, NULL),
(588, 196, 16, NULL, NULL),
(589, 197, 1, NULL, NULL),
(590, 197, 8, NULL, NULL),
(591, 197, 20, NULL, NULL),
(592, 198, 5, NULL, NULL),
(593, 198, 7, NULL, NULL),
(594, 198, 18, NULL, NULL),
(598, 200, 4, NULL, NULL),
(599, 200, 12, NULL, NULL),
(600, 200, 19, NULL, NULL),
(604, 202, 3, NULL, NULL),
(605, 202, 14, NULL, NULL),
(606, 202, 16, NULL, NULL),
(607, 203, 5, NULL, NULL),
(608, 203, 10, NULL, NULL),
(609, 203, 16, NULL, NULL),
(610, 204, 4, NULL, NULL),
(611, 204, 9, NULL, NULL),
(612, 204, 20, NULL, NULL),
(613, 205, 5, NULL, NULL),
(614, 205, 13, NULL, NULL),
(615, 205, 19, NULL, NULL),
(616, 206, 4, NULL, NULL),
(617, 206, 12, NULL, NULL),
(618, 206, 18, NULL, NULL),
(619, 207, 1, NULL, NULL),
(620, 207, 7, NULL, NULL),
(621, 207, 19, NULL, NULL),
(622, 208, 5, NULL, NULL),
(623, 208, 12, NULL, NULL),
(624, 208, 18, NULL, NULL),
(628, 210, 3, NULL, NULL),
(629, 210, 11, NULL, NULL),
(630, 210, 17, NULL, NULL),
(634, 212, 3, NULL, NULL),
(635, 212, 9, NULL, NULL),
(636, 212, 18, NULL, NULL),
(637, 213, 5, NULL, NULL),
(638, 213, 9, NULL, NULL),
(639, 213, 20, NULL, NULL),
(640, 214, 5, NULL, NULL),
(641, 214, 8, NULL, NULL),
(642, 214, 20, NULL, NULL),
(643, 215, 2, NULL, NULL),
(644, 215, 13, NULL, NULL),
(645, 215, 20, NULL, NULL),
(646, 216, 2, NULL, NULL),
(647, 216, 7, NULL, NULL),
(648, 216, 18, NULL, NULL),
(649, 217, 2, NULL, NULL),
(650, 217, 12, NULL, NULL),
(651, 217, 18, NULL, NULL),
(652, 218, 2, NULL, NULL),
(653, 218, 13, NULL, NULL),
(654, 218, 16, NULL, NULL),
(655, 219, 5, NULL, NULL),
(656, 219, 11, NULL, NULL),
(657, 219, 17, NULL, NULL),
(658, 220, 1, NULL, NULL),
(659, 220, 8, NULL, NULL),
(660, 220, 17, NULL, NULL),
(661, 221, 5, NULL, NULL),
(662, 221, 11, NULL, NULL),
(663, 221, 20, NULL, NULL),
(664, 222, 3, NULL, NULL),
(665, 222, 8, NULL, NULL),
(666, 222, 18, NULL, NULL),
(667, 223, 4, NULL, NULL),
(668, 223, 7, NULL, NULL),
(669, 223, 17, NULL, NULL),
(670, 224, 4, NULL, NULL),
(671, 224, 13, NULL, NULL),
(672, 224, 18, NULL, NULL),
(676, 226, 2, NULL, NULL),
(677, 226, 8, NULL, NULL),
(678, 226, 18, NULL, NULL),
(679, 227, 1, NULL, NULL),
(680, 227, 6, NULL, NULL),
(681, 227, 16, NULL, NULL),
(682, 228, 4, NULL, NULL),
(683, 228, 14, NULL, NULL),
(684, 228, 16, NULL, NULL),
(688, 230, 5, NULL, NULL),
(689, 230, 11, NULL, NULL),
(690, 230, 18, NULL, NULL),
(691, 231, 4, NULL, NULL),
(692, 231, 7, NULL, NULL),
(693, 231, 18, NULL, NULL),
(694, 232, 5, NULL, NULL),
(695, 232, 8, NULL, NULL),
(696, 232, 20, NULL, NULL),
(700, 234, 2, NULL, NULL),
(701, 234, 11, NULL, NULL),
(702, 234, 18, NULL, NULL),
(703, 235, 4, NULL, NULL),
(704, 235, 10, NULL, NULL),
(705, 235, 16, NULL, NULL),
(706, 236, 4, NULL, NULL),
(707, 236, 13, NULL, NULL),
(708, 236, 16, NULL, NULL),
(709, 237, 3, NULL, NULL),
(710, 237, 13, NULL, NULL),
(711, 237, 18, NULL, NULL),
(712, 238, 1, NULL, NULL),
(713, 238, 10, NULL, NULL),
(714, 238, 17, NULL, NULL),
(715, 239, 1, NULL, NULL),
(716, 239, 9, NULL, NULL),
(717, 239, 17, NULL, NULL),
(718, 240, 5, NULL, NULL),
(719, 240, 10, NULL, NULL),
(720, 240, 20, NULL, NULL),
(721, 241, 3, NULL, NULL),
(722, 241, 7, NULL, NULL),
(723, 241, 19, NULL, NULL),
(724, 242, 1, NULL, NULL),
(725, 242, 12, NULL, NULL),
(726, 242, 15, NULL, NULL),
(727, 243, 3, NULL, NULL),
(728, 243, 11, NULL, NULL),
(729, 243, 19, NULL, NULL),
(730, 244, 2, NULL, NULL),
(731, 244, 9, NULL, NULL),
(732, 244, 19, NULL, NULL),
(733, 245, 5, NULL, NULL),
(734, 245, 9, NULL, NULL),
(735, 245, 19, NULL, NULL),
(736, 246, 1, NULL, NULL),
(737, 246, 11, NULL, NULL),
(738, 246, 15, NULL, NULL),
(739, 247, 3, NULL, NULL),
(740, 247, 11, NULL, NULL),
(741, 247, 15, NULL, NULL),
(742, 248, 2, NULL, NULL),
(743, 248, 12, NULL, NULL),
(744, 248, 15, NULL, NULL),
(745, 249, 3, NULL, NULL),
(746, 249, 14, NULL, NULL),
(747, 249, 20, NULL, NULL),
(748, 250, 2, NULL, NULL),
(749, 250, 14, NULL, NULL),
(750, 250, 20, NULL, NULL),
(751, 251, 5, NULL, NULL),
(752, 251, 9, NULL, NULL),
(753, 251, 16, NULL, NULL),
(754, 252, 1, NULL, NULL),
(755, 252, 14, NULL, NULL),
(756, 252, 17, NULL, NULL),
(757, 253, 1, NULL, NULL),
(758, 253, 14, NULL, NULL),
(759, 253, 16, NULL, NULL),
(763, 255, 3, NULL, NULL),
(764, 255, 11, NULL, NULL),
(765, 255, 16, NULL, NULL),
(766, 256, 5, NULL, NULL),
(767, 256, 12, NULL, NULL),
(768, 256, 15, NULL, NULL),
(769, 257, 2, NULL, NULL),
(770, 257, 9, NULL, NULL),
(771, 257, 17, NULL, NULL),
(772, 258, 2, NULL, NULL),
(773, 258, 7, NULL, NULL),
(774, 258, 16, NULL, NULL),
(775, 259, 3, NULL, NULL),
(776, 259, 13, NULL, NULL),
(777, 259, 17, NULL, NULL),
(778, 260, 4, NULL, NULL),
(779, 260, 6, NULL, NULL),
(780, 260, 16, NULL, NULL),
(781, 261, 3, NULL, NULL),
(782, 261, 12, NULL, NULL),
(783, 261, 15, NULL, NULL),
(784, 262, 3, NULL, NULL),
(785, 262, 9, NULL, NULL),
(786, 262, 17, NULL, NULL),
(787, 263, 3, NULL, NULL),
(788, 263, 11, NULL, NULL),
(789, 263, 17, NULL, NULL),
(790, 264, 4, NULL, NULL),
(791, 264, 6, NULL, NULL),
(792, 264, 15, NULL, NULL),
(793, 265, 5, NULL, NULL),
(794, 265, 8, NULL, NULL),
(795, 265, 15, NULL, NULL),
(796, 266, 5, NULL, NULL),
(797, 266, 11, NULL, NULL),
(798, 266, 19, NULL, NULL),
(799, 267, 2, NULL, NULL),
(800, 267, 9, NULL, NULL),
(801, 267, 15, NULL, NULL),
(802, 268, 1, NULL, NULL),
(803, 268, 11, NULL, NULL),
(804, 268, 17, NULL, NULL),
(805, 269, 3, NULL, NULL),
(806, 269, 6, NULL, NULL),
(807, 269, 17, NULL, NULL),
(808, 270, 3, NULL, NULL),
(809, 270, 8, NULL, NULL),
(810, 270, 18, NULL, NULL),
(811, 271, 1, NULL, NULL),
(812, 271, 7, NULL, NULL),
(813, 271, 17, NULL, NULL),
(814, 272, 4, NULL, NULL),
(815, 272, 13, NULL, NULL),
(816, 272, 20, NULL, NULL),
(817, 273, 5, NULL, NULL),
(818, 273, 13, NULL, NULL),
(819, 273, 20, NULL, NULL),
(820, 274, 1, NULL, NULL),
(821, 274, 13, NULL, NULL),
(822, 274, 20, NULL, NULL),
(826, 276, 1, NULL, NULL),
(827, 276, 13, NULL, NULL),
(828, 276, 19, NULL, NULL),
(829, 277, 5, NULL, NULL),
(830, 277, 10, NULL, NULL),
(831, 277, 17, NULL, NULL),
(832, 278, 1, NULL, NULL),
(833, 278, 14, NULL, NULL),
(834, 278, 17, NULL, NULL),
(835, 279, 5, NULL, NULL),
(836, 279, 8, NULL, NULL),
(837, 279, 16, NULL, NULL),
(838, 280, 2, NULL, NULL),
(839, 280, 7, NULL, NULL),
(840, 280, 18, NULL, NULL),
(841, 281, 1, NULL, NULL),
(842, 281, 11, NULL, NULL),
(843, 281, 19, NULL, NULL),
(844, 282, 3, NULL, NULL),
(845, 282, 13, NULL, NULL),
(846, 282, 17, NULL, NULL),
(847, 283, 5, NULL, NULL),
(848, 283, 12, NULL, NULL),
(849, 283, 18, NULL, NULL),
(850, 284, 4, NULL, NULL),
(851, 284, 10, NULL, NULL),
(852, 284, 20, NULL, NULL),
(853, 285, 3, NULL, NULL),
(854, 285, 10, NULL, NULL),
(855, 285, 19, NULL, NULL),
(856, 286, 4, NULL, NULL),
(857, 286, 13, NULL, NULL),
(858, 286, 19, NULL, NULL),
(859, 287, 5, NULL, NULL),
(860, 287, 11, NULL, NULL),
(861, 287, 20, NULL, NULL),
(862, 288, 3, NULL, NULL),
(863, 288, 7, NULL, NULL),
(864, 288, 19, NULL, NULL),
(865, 289, 2, NULL, NULL),
(866, 289, 6, NULL, NULL),
(867, 289, 16, NULL, NULL),
(868, 290, 4, NULL, NULL),
(869, 290, 13, NULL, NULL),
(870, 290, 17, NULL, NULL),
(871, 291, 4, NULL, NULL),
(872, 291, 11, NULL, NULL),
(873, 291, 17, NULL, NULL),
(874, 292, 5, NULL, NULL),
(875, 292, 6, NULL, NULL),
(876, 292, 16, NULL, NULL),
(877, 293, 2, NULL, NULL),
(878, 293, 12, NULL, NULL),
(879, 293, 20, NULL, NULL),
(880, 294, 4, NULL, NULL),
(881, 294, 12, NULL, NULL),
(882, 294, 20, NULL, NULL),
(883, 295, 4, NULL, NULL),
(884, 295, 14, NULL, NULL),
(885, 295, 20, NULL, NULL),
(886, 296, 5, NULL, NULL),
(887, 296, 13, NULL, NULL),
(888, 296, 18, NULL, NULL),
(889, 297, 1, NULL, NULL),
(890, 297, 13, NULL, NULL),
(891, 297, 18, NULL, NULL),
(892, 298, 5, NULL, NULL),
(893, 298, 11, NULL, NULL),
(894, 298, 15, NULL, NULL),
(895, 299, 2, NULL, NULL),
(896, 299, 7, NULL, NULL),
(897, 299, 19, NULL, NULL),
(898, 300, 3, NULL, NULL),
(899, 300, 10, NULL, NULL),
(900, 300, 15, NULL, NULL),
(901, 301, 12, NULL, NULL),
(902, 301, 16, NULL, NULL),
(903, 302, 16, NULL, NULL),
(904, 302, 2, NULL, NULL),
(905, 303, 11, NULL, NULL),
(906, 303, 6, NULL, NULL);

-- --------------------------------------------------------

--
-- Estructura de tabla para la tabla `tags`
--

CREATE TABLE `tags` (
  `id` int(10) UNSIGNED NOT NULL,
  `name` varchar(128) COLLATE utf8mb4_unicode_ci NOT NULL,
  `slug` varchar(128) COLLATE utf8mb4_unicode_ci NOT NULL,
  `created_at` timestamp NULL DEFAULT NULL,
  `updated_at` timestamp NULL DEFAULT NULL
) ENGINE=InnoDB DEFAULT CHARSET=utf8mb4 COLLATE=utf8mb4_unicode_ci;

--
-- Volcado de datos para la tabla `tags`
--

INSERT INTO `tags` (`id`, `name`, `slug`, `created_at`, `updated_at`) VALUES
(1, 'sit', 'sit', '2019-08-07 21:52:12', '2019-08-07 21:52:12'),
(2, 'facilis', 'facilis', '2019-08-07 21:52:12', '2019-08-07 21:52:12'),
(3, 'quibusdam', 'quibusdam', '2019-08-07 21:52:13', '2019-08-07 21:52:13'),
(4, 'ut', 'ut', '2019-08-07 21:52:13', '2019-08-07 21:52:13'),
(5, 'qui', 'qui', '2019-08-07 21:52:13', '2019-08-07 21:52:13'),
(6, 'porro', 'porro', '2019-08-07 21:52:13', '2019-08-07 21:52:13'),
(7, 'explicabo', 'explicabo', '2019-08-07 21:52:13', '2019-08-07 21:52:13'),
(8, 'odit', 'odit', '2019-08-07 21:52:13', '2019-08-07 21:52:13'),
(9, 'rem', 'rem', '2019-08-07 21:52:13', '2019-08-07 21:52:13'),
(10, 'deleniti', 'deleniti', '2019-08-07 21:52:13', '2019-08-07 21:52:13'),
(11, 'at', 'at', '2019-08-07 21:52:13', '2019-08-07 21:52:13'),
(12, 'aut', 'aut', '2019-08-07 21:52:13', '2019-08-07 21:52:13'),
(13, 'magni', 'magni', '2019-08-07 21:52:13', '2019-08-07 21:52:13'),
(14, 'numquam', 'numquam', '2019-08-07 21:52:13', '2019-08-07 21:52:13'),
(15, 'vero', 'vero', '2019-08-07 21:52:13', '2019-08-07 21:52:13'),
(16, 'enim', 'enim', '2019-08-07 21:52:13', '2019-08-07 21:52:13'),
(17, 'soluta', 'soluta', '2019-08-07 21:52:13', '2019-08-07 21:52:13'),
(18, 'et', 'et', '2019-08-07 21:52:13', '2019-08-07 21:52:13'),
(19, 'repudiandae', 'repudiandae', '2019-08-07 21:52:14', '2019-08-07 21:52:14'),
(20, 'perferendis', 'perferendis', '2019-08-07 21:52:14', '2019-08-07 21:52:14');

-- --------------------------------------------------------

--
-- Estructura de tabla para la tabla `users`
--

CREATE TABLE `users` (
  `id` int(10) UNSIGNED NOT NULL,
  `name` varchar(255) COLLATE utf8mb4_unicode_ci NOT NULL,
  `email` varchar(128) COLLATE utf8mb4_unicode_ci NOT NULL,
  `email_verified_at` timestamp NULL DEFAULT NULL,
  `password` varchar(255) COLLATE utf8mb4_unicode_ci NOT NULL,
  `remember_token` varchar(100) COLLATE utf8mb4_unicode_ci DEFAULT NULL,
  `created_at` timestamp NULL DEFAULT NULL,
  `updated_at` timestamp NULL DEFAULT NULL
) ENGINE=InnoDB DEFAULT CHARSET=utf8mb4 COLLATE=utf8mb4_unicode_ci;

--
-- Volcado de datos para la tabla `users`
--

INSERT INTO `users` (`id`, `name`, `email`, `email_verified_at`, `password`, `remember_token`, `created_at`, `updated_at`) VALUES
(1, 'Isabel Torp', 'qmaggio@example.org', '2019-08-07 21:52:09', '$2y$10$92IXUNpkjO0rOQ5byMi.Ye4oKoEa3Ro9llC/.og/at2.uheWG/igi', 'AnK17dtbC7', '2019-08-07 21:52:09', '2019-08-07 21:52:09'),
(2, 'Jeromy Ondricka', 'litzy.pagac@example.com', '2019-08-07 21:52:09', '$2y$10$92IXUNpkjO0rOQ5byMi.Ye4oKoEa3Ro9llC/.og/at2.uheWG/igi', 'qAgTeILtUu', '2019-08-07 21:52:09', '2019-08-07 21:52:09'),
(3, 'Prof. Jarret Runolfsdottir', 'hwilkinson@example.com', '2019-08-07 21:52:09', '$2y$10$92IXUNpkjO0rOQ5byMi.Ye4oKoEa3Ro9llC/.og/at2.uheWG/igi', 'aXCLlmSe4Q', '2019-08-07 21:52:09', '2019-08-07 21:52:09'),
(4, 'Daphnee Heathcote', 'leopold.keeling@example.com', '2019-08-07 21:52:09', '$2y$10$92IXUNpkjO0rOQ5byMi.Ye4oKoEa3Ro9llC/.og/at2.uheWG/igi', 'SExHYerNy1', '2019-08-07 21:52:09', '2019-08-07 21:52:09'),
(5, 'Dana Thiel', 'otho61@example.net', '2019-08-07 21:52:09', '$2y$10$92IXUNpkjO0rOQ5byMi.Ye4oKoEa3Ro9llC/.og/at2.uheWG/igi', '2mZ5uxkHMH', '2019-08-07 21:52:09', '2019-08-07 21:52:09'),
(6, 'Prof. Robin Homenick', 'fkshlerin@example.net', '2019-08-07 21:52:09', '$2y$10$92IXUNpkjO0rOQ5byMi.Ye4oKoEa3Ro9llC/.og/at2.uheWG/igi', 'YX7KV5F356', '2019-08-07 21:52:09', '2019-08-07 21:52:09'),
(7, 'Augustus Greenholt', 'imueller@example.net', '2019-08-07 21:52:09', '$2y$10$92IXUNpkjO0rOQ5byMi.Ye4oKoEa3Ro9llC/.og/at2.uheWG/igi', 'gfN22fecXG', '2019-08-07 21:52:09', '2019-08-07 21:52:09'),
(8, 'Noemi Goyette I', 'rhackett@example.org', '2019-08-07 21:52:09', '$2y$10$92IXUNpkjO0rOQ5byMi.Ye4oKoEa3Ro9llC/.og/at2.uheWG/igi', 'oAhdQC7lFO', '2019-08-07 21:52:09', '2019-08-07 21:52:09'),
(9, 'Miss Lupe Roob', 'ida02@example.com', '2019-08-07 21:52:09', '$2y$10$92IXUNpkjO0rOQ5byMi.Ye4oKoEa3Ro9llC/.og/at2.uheWG/igi', 'azkJVMkgPT', '2019-08-07 21:52:09', '2019-08-07 21:52:09'),
(10, 'Karlee Kuhlman', 'cquitzon@example.org', '2019-08-07 21:52:09', '$2y$10$92IXUNpkjO0rOQ5byMi.Ye4oKoEa3Ro9llC/.og/at2.uheWG/igi', 'JQ9Nx9rmqf', '2019-08-07 21:52:09', '2019-08-07 21:52:09'),
(11, 'Vincenzo Ratke III', 'mraz.rex@example.com', '2019-08-07 21:52:09', '$2y$10$92IXUNpkjO0rOQ5byMi.Ye4oKoEa3Ro9llC/.og/at2.uheWG/igi', 'CPzDv8ki3x', '2019-08-07 21:52:09', '2019-08-07 21:52:09'),
(12, 'Donald Hudson', 'oren18@example.net', '2019-08-07 21:52:09', '$2y$10$92IXUNpkjO0rOQ5byMi.Ye4oKoEa3Ro9llC/.og/at2.uheWG/igi', 'Jp2n7uNDax', '2019-08-07 21:52:09', '2019-08-07 21:52:09'),
(13, 'Mr. Dawson Harris Jr.', 'frieda.walker@example.org', '2019-08-07 21:52:09', '$2y$10$92IXUNpkjO0rOQ5byMi.Ye4oKoEa3Ro9llC/.og/at2.uheWG/igi', 'MWbUk9zkmU', '2019-08-07 21:52:10', '2019-08-07 21:52:10'),
(14, 'Prof. Jo Harber', 'toni.corkery@example.com', '2019-08-07 21:52:09', '$2y$10$92IXUNpkjO0rOQ5byMi.Ye4oKoEa3Ro9llC/.og/at2.uheWG/igi', '15fHUT1Yz5', '2019-08-07 21:52:10', '2019-08-07 21:52:10'),
(15, 'Hilma Feil', 'grady.prudence@example.com', '2019-08-07 21:52:09', '$2y$10$92IXUNpkjO0rOQ5byMi.Ye4oKoEa3Ro9llC/.og/at2.uheWG/igi', 'i7s3IGw2NZ', '2019-08-07 21:52:10', '2019-08-07 21:52:10'),
(16, 'Patsy Kuphal', 'joan64@example.net', '2019-08-07 21:52:09', '$2y$10$92IXUNpkjO0rOQ5byMi.Ye4oKoEa3Ro9llC/.og/at2.uheWG/igi', 'IxpEYXFuas', '2019-08-07 21:52:10', '2019-08-07 21:52:10'),
(17, 'Kailey Heathcote', 'rohan.otto@example.com', '2019-08-07 21:52:09', '$2y$10$92IXUNpkjO0rOQ5byMi.Ye4oKoEa3Ro9llC/.og/at2.uheWG/igi', '1a4TnBcwIV', '2019-08-07 21:52:10', '2019-08-07 21:52:10'),
(18, 'Gregoria Greenholt', 'wiegand.tyler@example.net', '2019-08-07 21:52:09', '$2y$10$92IXUNpkjO0rOQ5byMi.Ye4oKoEa3Ro9llC/.og/at2.uheWG/igi', '0KoYzEPTGJ', '2019-08-07 21:52:10', '2019-08-07 21:52:10'),
(19, 'Mr. Javier Stanton Jr.', 'jamison60@example.net', '2019-08-07 21:52:09', '$2y$10$92IXUNpkjO0rOQ5byMi.Ye4oKoEa3Ro9llC/.og/at2.uheWG/igi', 'jVw9ZWUJJy', '2019-08-07 21:52:10', '2019-08-07 21:52:10'),
(20, 'Prof. Francesca Waelchi', 'derrick.conroy@example.com', '2019-08-07 21:52:09', '$2y$10$92IXUNpkjO0rOQ5byMi.Ye4oKoEa3Ro9llC/.og/at2.uheWG/igi', '3a5Bv7ANLJ', '2019-08-07 21:52:10', '2019-08-07 21:52:10'),
(21, 'Arielle Hayes', 'mhettinger@example.com', '2019-08-07 21:52:09', '$2y$10$92IXUNpkjO0rOQ5byMi.Ye4oKoEa3Ro9llC/.og/at2.uheWG/igi', 'xAQbefKsMS', '2019-08-07 21:52:10', '2019-08-07 21:52:10'),
(22, 'Emmitt Glover', 'connie20@example.com', '2019-08-07 21:52:09', '$2y$10$92IXUNpkjO0rOQ5byMi.Ye4oKoEa3Ro9llC/.og/at2.uheWG/igi', 'gB2GTMletn', '2019-08-07 21:52:10', '2019-08-07 21:52:10'),
(23, 'Liza Schuppe DDS', 'wbauch@example.org', '2019-08-07 21:52:09', '$2y$10$92IXUNpkjO0rOQ5byMi.Ye4oKoEa3Ro9llC/.og/at2.uheWG/igi', 'b2s2vAlMSq', '2019-08-07 21:52:10', '2019-08-07 21:52:10'),
(24, 'Nikita Predovic Sr.', 'cassandra.marks@example.com', '2019-08-07 21:52:09', '$2y$10$92IXUNpkjO0rOQ5byMi.Ye4oKoEa3Ro9llC/.og/at2.uheWG/igi', 'oRAj56GIMQ', '2019-08-07 21:52:10', '2019-08-07 21:52:10'),
(25, 'Sabryna Moen', 'megane.nitzsche@example.com', '2019-08-07 21:52:09', '$2y$10$92IXUNpkjO0rOQ5byMi.Ye4oKoEa3Ro9llC/.og/at2.uheWG/igi', 'gJcKuyM0DX', '2019-08-07 21:52:10', '2019-08-07 21:52:10'),
(26, 'Prof. Petra Lynch DDS', 'mluettgen@example.net', '2019-08-07 21:52:09', '$2y$10$92IXUNpkjO0rOQ5byMi.Ye4oKoEa3Ro9llC/.og/at2.uheWG/igi', 'G9jadFOO7n', '2019-08-07 21:52:10', '2019-08-07 21:52:10'),
(27, 'Candido Watsica', 'ljaskolski@example.com', '2019-08-07 21:52:09', '$2y$10$92IXUNpkjO0rOQ5byMi.Ye4oKoEa3Ro9llC/.og/at2.uheWG/igi', 'IimA6fq8vr', '2019-08-07 21:52:11', '2019-08-07 21:52:11'),
(28, 'Mrs. Etha Reinger III', 'camron.larson@example.org', '2019-08-07 21:52:09', '$2y$10$92IXUNpkjO0rOQ5byMi.Ye4oKoEa3Ro9llC/.og/at2.uheWG/igi', 'cEq2ZCVeRW', '2019-08-07 21:52:11', '2019-08-07 21:52:11'),
(29, 'Prof. Kaci Durgan III', 'christelle.schneider@example.com', '2019-08-07 21:52:09', '$2y$10$92IXUNpkjO0rOQ5byMi.Ye4oKoEa3Ro9llC/.og/at2.uheWG/igi', 'Er1lH37RGb', '2019-08-07 21:52:11', '2019-08-07 21:52:11'),
(30, 'Walter Arzapalo', 'walterarzapalo23@gmail.com', NULL, '$2y$10$BnW/dhyhXhveVjGWRvVG0uIrWE0hxCZxWU9x9zndqw254tJtwhjue', NULL, '2019-08-07 21:52:11', '2019-08-07 21:52:11');

--
-- Índices para tablas volcadas
--

--
-- Indices de la tabla `categories`
--
ALTER TABLE `categories`
  ADD PRIMARY KEY (`id`),
  ADD UNIQUE KEY `categories_slug_unique` (`slug`);

--
-- Indices de la tabla `migrations`
--
ALTER TABLE `migrations`
  ADD PRIMARY KEY (`id`);

--
-- Indices de la tabla `password_resets`
--
ALTER TABLE `password_resets`
  ADD KEY `password_resets_email_index` (`email`);

--
-- Indices de la tabla `posts`
--
ALTER TABLE `posts`
  ADD PRIMARY KEY (`id`),
  ADD UNIQUE KEY `posts_slug_unique` (`slug`),
  ADD KEY `posts_user_id_foreign` (`user_id`),
  ADD KEY `posts_category_id_foreign` (`category_id`);

--
-- Indices de la tabla `post_tag`
--
ALTER TABLE `post_tag`
  ADD PRIMARY KEY (`id`),
  ADD KEY `post_tag_post_id_foreign` (`post_id`),
  ADD KEY `post_tag_tag_id_foreign` (`tag_id`);

--
-- Indices de la tabla `tags`
--
ALTER TABLE `tags`
  ADD PRIMARY KEY (`id`),
  ADD UNIQUE KEY `tags_slug_unique` (`slug`);

--
-- Indices de la tabla `users`
--
ALTER TABLE `users`
  ADD PRIMARY KEY (`id`),
  ADD UNIQUE KEY `users_email_unique` (`email`);

--
-- AUTO_INCREMENT de las tablas volcadas
--

--
-- AUTO_INCREMENT de la tabla `categories`
--
ALTER TABLE `categories`
  MODIFY `id` int(10) UNSIGNED NOT NULL AUTO_INCREMENT, AUTO_INCREMENT=21;

--
-- AUTO_INCREMENT de la tabla `migrations`
--
ALTER TABLE `migrations`
  MODIFY `id` int(10) UNSIGNED NOT NULL AUTO_INCREMENT, AUTO_INCREMENT=19;

--
-- AUTO_INCREMENT de la tabla `posts`
--
ALTER TABLE `posts`
  MODIFY `id` int(10) UNSIGNED NOT NULL AUTO_INCREMENT, AUTO_INCREMENT=304;

--
-- AUTO_INCREMENT de la tabla `post_tag`
--
ALTER TABLE `post_tag`
  MODIFY `id` int(10) UNSIGNED NOT NULL AUTO_INCREMENT, AUTO_INCREMENT=907;

--
-- AUTO_INCREMENT de la tabla `tags`
--
ALTER TABLE `tags`
  MODIFY `id` int(10) UNSIGNED NOT NULL AUTO_INCREMENT, AUTO_INCREMENT=21;

--
-- AUTO_INCREMENT de la tabla `users`
--
ALTER TABLE `users`
  MODIFY `id` int(10) UNSIGNED NOT NULL AUTO_INCREMENT, AUTO_INCREMENT=31;

--
-- Restricciones para tablas volcadas
--

--
-- Filtros para la tabla `posts`
--
ALTER TABLE `posts`
  ADD CONSTRAINT `posts_category_id_foreign` FOREIGN KEY (`category_id`) REFERENCES `categories` (`id`) ON DELETE CASCADE ON UPDATE CASCADE,
  ADD CONSTRAINT `posts_user_id_foreign` FOREIGN KEY (`user_id`) REFERENCES `users` (`id`) ON DELETE CASCADE ON UPDATE CASCADE;

--
-- Filtros para la tabla `post_tag`
--
ALTER TABLE `post_tag`
  ADD CONSTRAINT `post_tag_post_id_foreign` FOREIGN KEY (`post_id`) REFERENCES `posts` (`id`) ON DELETE CASCADE ON UPDATE CASCADE,
  ADD CONSTRAINT `post_tag_tag_id_foreign` FOREIGN KEY (`tag_id`) REFERENCES `tags` (`id`) ON DELETE CASCADE ON UPDATE CASCADE;
COMMIT;

/*!40101 SET CHARACTER_SET_CLIENT=@OLD_CHARACTER_SET_CLIENT */;
/*!40101 SET CHARACTER_SET_RESULTS=@OLD_CHARACTER_SET_RESULTS */;
/*!40101 SET COLLATION_CONNECTION=@OLD_COLLATION_CONNECTION */;
